job_id,benchmark,scenario,gt_access_granularity,gt_metadata_intensity,gt_parallelism_efficiency,gt_access_pattern,gt_interface_choice,gt_file_strategy,gt_throughput_utilization,gt_healthy,wisio_excessive_metadata_access,wisio_operation_imbalance,wisio_random_operations,wisio_size_imbalance,wisio_small_reads,wisio_small_writes,pred_access_granularity,pred_metadata_intensity,pred_parallelism_efficiency,pred_access_pattern,pred_interface_choice,pred_file_strategy,pred_throughput_utilization,pred_healthy
16651179,ior,ior_small_posix_t64_n4_r1,1,0,0,0,0,0,0,0,0,0,1,0,0,1,1,0,0,1,0,0,0,0
16651180,ior,ior_small_posix_t64_n4_r2,1,0,0,0,0,0,0,0,0,0,1,0,0,0,0,0,0,1,0,0,0,0
16651181,ior,ior_small_posix_t64_n4_r3,1,0,0,0,0,0,0,0,0,0,1,0,0,1,1,0,0,1,0,0,0,0
16651182,ior,ior_small_posix_t64_n16_r1,1,0,0,0,0,0,0,0,0,0,1,0,0,0,0,0,0,1,0,0,0,0
16651183,ior,ior_small_posix_t64_n16_r2,1,0,0,0,0,0,0,0,0,0,1,0,0,0,0,0,0,1,0,0,0,0
16651184,ior,ior_small_posix_t64_n16_r3,1,0,0,0,0,0,0,0,0,0,1,0,0,0,0,0,0,1,0,0,0,0
16651185,ior,ior_small_posix_t128_n4_r1,1,0,0,0,0,0,0,0,0,0,1,0,0,0,0,0,0,1,0,0,0,0
16651186,ior,ior_small_posix_t128_n4_r2,1,0,0,0,0,0,0,0,0,0,1,0,0,1,1,0,0,1,0,0,0,0
16651187,ior,ior_small_posix_t128_n4_r3,1,0,0,0,0,0,0,0,0,0,1,0,0,1,1,0,0,1,0,0,0,0
16651188,ior,ior_small_posix_t128_n16_r1,1,0,0,0,0,0,0,0,0,0,1,0,0,1,1,0,0,1,0,0,0,0
16651189,ior,ior_small_posix_t128_n16_r2,1,0,0,0,0,0,0,0,0,0,1,0,0,1,1,0,0,1,0,0,0,0
16651190,ior,ior_small_posix_t128_n16_r3,1,0,0,0,0,0,0,0,0,0,1,0,0,1,1,0,0,1,0,0,0,0
16651191,ior,ior_small_posix_t256_n4_r1,1,0,0,0,0,0,0,0,0,0,1,0,0,1,1,0,0,1,0,0,0,0
16651192,ior,ior_small_posix_t256_n4_r2,1,0,0,0,0,0,0,0,0,0,1,0,0,1,1,0,0,1,0,0,0,0
16651193,ior,ior_small_posix_t256_n4_r3,1,0,0,0,0,0,0,0,0,0,1,0,0,1,1,0,0,1,0,0,0,0
16651194,ior,ior_small_posix_t256_n16_r1,1,0,0,0,0,0,0,0,0,0,1,0,0,1,1,0,0,1,0,0,0,0
16651195,ior,ior_small_posix_t256_n16_r2,1,0,0,0,0,0,0,0,0,0,1,0,0,1,1,0,0,1,0,0,0,0
16651196,ior,ior_small_posix_t256_n16_r3,1,0,0,0,0,0,0,0,0,0,1,0,0,1,1,0,0,1,0,0,0,0
16651197,ior,ior_small_posix_t512_n4_r1,1,0,0,0,0,0,0,0,0,0,1,0,0,1,1,0,0,1,0,0,0,0
16651198,ior,ior_small_posix_t512_n4_r2,1,0,0,0,0,0,0,0,0,0,1,0,0,1,1,0,0,1,0,0,0,0
16651199,ior,ior_small_posix_t512_n4_r3,1,0,0,0,0,0,0,0,0,0,1,0,0,1,1,0,0,1,0,0,0,0
16651200,ior,ior_small_posix_t512_n16_r1,1,0,0,0,0,0,0,0,0,0,1,0,0,1,1,0,0,1,0,0,0,0
16651201,ior,ior_small_posix_t512_n16_r2,1,0,0,0,0,0,0,0,0,0,1,0,0,1,1,0,0,1,0,0,0,0
16651202,ior,ior_small_posix_t512_n16_r3,1,0,0,0,0,0,0,0,0,0,1,0,0,1,1,0,0,1,0,0,0,0
16651203,ior,ior_small_posix_t1024_n4_r1,1,0,0,0,0,0,0,0,0,0,1,0,0,1,1,0,0,1,0,0,0,0
16651204,ior,ior_small_posix_t1024_n4_r2,1,0,0,0,0,0,0,0,0,0,1,0,0,1,1,0,0,1,0,0,0,0
16651205,ior,ior_small_posix_t1024_n4_r3,1,0,0,0,0,0,0,0,0,0,1,0,0,1,1,0,0,1,0,0,0,0
16651206,ior,ior_small_posix_t1024_n16_r1,1,0,0,0,0,0,0,0,0,0,1,0,0,1,1,0,0,1,0,0,0,0
16651207,ior,ior_small_posix_t1024_n16_r2,1,0,0,0,0,0,0,0,0,0,1,0,0,1,1,0,0,1,0,0,0,0
16651208,ior,ior_small_posix_t1024_n16_r3,1,0,0,0,0,0,0,0,0,0,1,0,0,1,1,0,0,1,0,0,0,0
16651209,ior,ior_small_posix_t2048_n4_r1,1,0,0,0,0,0,0,0,0,0,1,0,0,1,1,0,0,1,0,0,0,0
16651210,ior,ior_small_posix_t2048_n4_r2,1,0,0,0,0,0,0,0,0,0,1,0,0,1,1,0,0,1,0,0,0,0
16651211,ior,ior_small_posix_t2048_n4_r3,1,0,0,0,0,0,0,0,0,0,1,0,0,1,1,0,0,1,0,0,0,0
16651212,ior,ior_small_posix_t2048_n16_r1,1,0,0,0,0,0,0,0,0,0,1,0,0,1,1,0,0,1,0,0,0,0
16651213,ior,ior_small_posix_t2048_n16_r2,1,0,0,0,0,0,0,0,0,0,1,0,0,1,1,0,0,1,0,0,0,0
16651214,ior,ior_small_posix_t2048_n16_r3,1,0,0,0,0,0,0,0,0,0,1,0,0,1,1,0,0,1,0,0,0,0
16651215,ior,ior_small_direct_t4096_n4_r1,1,0,0,0,0,0,0,0,0,0,1,0,0,1,1,0,0,1,0,0,0,0
16651216,ior,ior_small_direct_t4096_n4_r2,1,0,0,0,0,0,0,0,0,0,1,0,0,1,1,0,0,1,0,0,0,0
16651217,ior,ior_small_direct_t4096_n4_r3,1,0,0,0,0,0,0,0,0,0,1,0,0,1,1,0,0,1,0,0,0,0
16651218,ior,ior_small_direct_t4096_n16_r1,1,0,0,0,0,0,0,0,0,0,1,0,0,1,1,0,0,1,0,0,0,0
16651219,ior,ior_small_direct_t4096_n16_r2,1,0,0,0,0,0,0,0,0,0,1,0,0,1,1,0,0,1,0,0,0,0
16651220,ior,ior_small_direct_t4096_n16_r3,1,0,0,0,0,0,0,0,0,0,1,0,0,1,1,0,0,1,0,0,0,0
16651221,ior,ior_small_direct_t8192_n4_r1,1,0,0,0,0,0,0,0,0,0,1,0,0,1,1,0,0,1,0,0,0,0
16651222,ior,ior_small_direct_t8192_n4_r2,1,0,0,0,0,0,0,0,0,0,1,0,0,1,1,0,0,1,0,0,0,0
16651223,ior,ior_small_direct_t8192_n4_r3,1,0,0,0,0,0,0,0,0,0,1,0,0,1,1,0,0,1,0,0,0,0
16651224,ior,ior_small_direct_t8192_n16_r1,1,0,0,0,0,0,0,0,0,0,1,0,0,1,1,0,0,1,0,0,0,0
16651225,ior,ior_small_direct_t8192_n16_r2,1,0,0,0,0,0,0,0,0,0,1,0,0,0,0,0,0,1,0,0,0,0
16651226,ior,ior_small_direct_t8192_n16_r3,1,0,0,0,0,0,0,0,0,0,1,0,0,1,1,0,0,1,0,0,0,0
16651227,ior,ior_small_direct_t16384_n4_r1,1,0,0,0,0,0,0,0,0,0,1,0,0,1,1,0,0,1,0,0,0,0
16651228,ior,ior_small_direct_t16384_n4_r2,1,0,0,0,0,0,0,0,0,0,1,0,0,1,1,0,0,1,0,0,0,0
16651229,ior,ior_small_direct_t16384_n4_r3,1,0,0,0,0,0,0,0,0,0,1,0,0,1,1,0,0,1,0,0,0,0
16651230,ior,ior_small_direct_t16384_n16_r1,1,0,0,0,0,0,0,0,0,0,1,0,0,1,1,0,0,1,0,0,0,0
16651231,ior,ior_small_direct_t16384_n16_r2,1,0,0,0,0,0,0,0,0,0,1,0,0,1,1,0,0,1,0,0,0,0
16651232,ior,ior_small_direct_t16384_n16_r3,1,0,0,0,0,0,0,0,0,0,1,0,0,1,1,0,0,1,0,0,0,0
16651257,ior,ior_random_posix_t4096_n4_r1,0,0,0,1,0,0,0,0,0,0,1,0,1,0,1,0,0,1,0,0,0,0
16653107,ior,ior_small_posix_t64_n4_r1,1,0,0,0,0,0,0,0,0,0,1,0,0,0,0,0,0,1,0,0,0,0
16653108,ior,ior_small_posix_t64_n4_r2,1,0,0,0,0,0,0,0,0,0,1,0,0,0,0,0,0,1,0,0,0,0
16653109,ior,ior_small_posix_t64_n4_r3,1,0,0,0,0,0,0,0,0,0,1,0,0,0,0,0,0,1,0,0,0,0
16653110,ior,ior_small_posix_t64_n16_r1,1,0,0,0,0,0,0,0,0,0,1,0,0,1,1,0,0,1,0,0,0,0
16653111,ior,ior_small_posix_t64_n16_r2,1,0,0,0,0,0,0,0,0,0,1,0,0,0,0,0,0,1,0,0,0,0
16653112,ior,ior_small_posix_t64_n16_r3,1,0,0,0,0,0,0,0,0,0,1,0,0,0,0,0,0,1,0,0,0,0
16653113,ior,ior_small_posix_t128_n4_r1,1,0,0,0,0,0,0,0,0,0,1,0,0,0,0,0,0,1,0,0,0,0
16653114,ior,ior_small_posix_t128_n4_r2,1,0,0,0,0,0,0,0,0,0,1,0,0,1,1,0,0,1,0,0,0,0
16653115,ior,ior_small_posix_t128_n4_r3,1,0,0,0,0,0,0,0,0,0,1,0,0,0,0,0,0,1,0,0,0,0
16653116,ior,ior_small_posix_t128_n16_r1,1,0,0,0,0,0,0,0,0,0,1,0,0,1,1,0,0,1,0,0,0,0
16653117,ior,ior_small_posix_t128_n16_r2,1,0,0,0,0,0,0,0,0,0,1,0,0,0,0,0,0,1,0,0,0,0
16653118,ior,ior_small_posix_t128_n16_r3,1,0,0,0,0,0,0,0,0,0,1,0,0,1,1,0,0,1,0,0,0,0
16653119,ior,ior_small_posix_t256_n4_r1,1,0,0,0,0,0,0,0,0,0,1,0,0,1,1,0,0,1,0,0,0,0
16653120,ior,ior_small_posix_t256_n4_r2,1,0,0,0,0,0,0,0,0,0,1,0,0,1,1,0,0,1,0,0,0,0
16653121,ior,ior_small_posix_t256_n4_r3,1,0,0,0,0,0,0,0,0,0,1,0,0,1,1,0,0,1,0,0,0,0
16653122,ior,ior_small_posix_t256_n16_r1,1,0,0,0,0,0,0,0,0,0,1,0,0,1,1,0,0,1,0,0,0,0
16653123,ior,ior_small_posix_t256_n16_r2,1,0,0,0,0,0,0,0,0,0,1,0,0,1,1,0,0,1,0,0,0,0
16653124,ior,ior_small_posix_t256_n16_r3,1,0,0,0,0,0,0,0,0,0,1,0,0,1,1,0,0,1,0,0,0,0
16653125,ior,ior_small_posix_t512_n4_r1,1,0,0,0,0,0,0,0,0,0,1,0,0,1,1,0,0,1,0,0,0,0
16653126,ior,ior_small_posix_t512_n4_r2,1,0,0,0,0,0,0,0,0,0,1,0,0,1,1,0,0,1,0,0,0,0
16653127,ior,ior_small_posix_t512_n4_r3,1,0,0,0,0,0,0,0,0,0,1,0,0,1,1,0,0,1,0,0,0,0
16653128,ior,ior_small_posix_t512_n16_r1,1,0,0,0,0,0,0,0,0,0,1,0,0,1,1,0,0,1,0,0,0,0
16653129,ior,ior_small_posix_t512_n16_r2,1,0,0,0,0,0,0,0,0,0,1,0,0,1,1,0,0,1,0,0,0,0
16653130,ior,ior_small_posix_t512_n16_r3,1,0,0,0,0,0,0,0,0,0,1,0,0,1,1,0,0,1,0,0,0,0
16653131,ior,ior_small_posix_t1024_n4_r1,1,0,0,0,0,0,0,0,0,0,1,0,0,1,1,0,0,1,0,0,0,0
16653132,ior,ior_small_posix_t1024_n4_r2,1,0,0,0,0,0,0,0,0,0,1,0,0,1,1,0,0,1,0,0,0,0
16653133,ior,ior_small_posix_t1024_n4_r3,1,0,0,0,0,0,0,0,0,0,1,0,0,1,1,0,0,1,0,0,0,0
16653134,ior,ior_small_posix_t1024_n16_r1,1,0,0,0,0,0,0,0,0,0,1,0,0,1,1,0,0,1,0,0,0,0
16653135,ior,ior_small_posix_t1024_n16_r2,1,0,0,0,0,0,0,0,0,0,1,0,0,1,1,0,0,1,0,0,0,0
16653136,ior,ior_small_posix_t1024_n16_r3,1,0,0,0,0,0,0,0,0,0,1,0,0,1,1,0,0,1,0,0,0,0
16653137,ior,ior_small_posix_t2048_n4_r1,1,0,0,0,0,0,0,0,0,0,1,0,0,1,1,0,0,1,0,0,0,0
16653138,ior,ior_small_posix_t2048_n4_r2,1,0,0,0,0,0,0,0,0,0,1,0,0,1,1,0,0,1,0,0,0,0
16653139,ior,ior_small_posix_t2048_n4_r3,1,0,0,0,0,0,0,0,0,0,1,0,0,1,1,0,0,1,0,0,0,0
16653140,ior,ior_small_posix_t2048_n16_r1,1,0,0,0,0,0,0,0,0,0,1,0,0,1,1,0,0,1,0,0,0,0
16653141,ior,ior_small_posix_t2048_n16_r2,1,0,0,0,0,0,0,0,0,0,1,0,0,1,1,0,0,1,0,0,0,0
16653142,ior,ior_small_posix_t2048_n16_r3,1,0,0,0,0,0,0,0,0,0,1,0,0,1,1,0,0,1,0,0,0,0
16653143,ior,ior_small_direct_t4096_n4_r1,1,0,0,0,0,0,0,0,0,0,1,0,0,1,1,0,0,1,0,0,0,0
16653144,ior,ior_small_direct_t4096_n4_r2,1,0,0,0,0,0,0,0,0,0,1,0,0,1,1,0,0,1,0,0,0,0
16653145,ior,ior_small_direct_t4096_n4_r3,1,0,0,0,0,0,0,0,0,0,1,0,0,1,1,0,0,1,0,0,0,0
16653146,ior,ior_small_direct_t4096_n16_r1,1,0,0,0,0,0,0,0,0,0,1,0,0,1,1,0,0,1,0,0,0,0
16653147,ior,ior_small_direct_t4096_n16_r2,1,0,0,0,0,0,0,0,0,0,1,0,0,1,1,0,0,1,0,0,0,0
16653148,ior,ior_small_direct_t4096_n16_r3,1,0,0,0,0,0,0,0,0,0,1,0,0,1,1,0,0,1,0,0,0,0
16653149,ior,ior_small_direct_t8192_n4_r1,1,0,0,0,0,0,0,0,0,0,1,0,0,1,1,0,0,1,0,0,0,0
16653150,ior,ior_small_direct_t8192_n4_r2,1,0,0,0,0,0,0,0,0,0,1,0,0,1,1,0,0,1,0,0,0,0
16653151,ior,ior_small_direct_t8192_n4_r3,1,0,0,0,0,0,0,0,0,0,1,0,0,1,1,0,0,1,0,0,0,0
16653152,ior,ior_small_direct_t8192_n16_r1,1,0,0,0,0,0,0,0,0,0,1,0,0,1,1,0,0,1,0,0,0,0
16653153,ior,ior_small_direct_t8192_n16_r2,1,0,0,0,0,0,0,0,0,0,1,0,0,1,1,0,0,1,0,0,0,0
16653154,ior,ior_small_direct_t8192_n16_r3,1,0,0,0,0,0,0,0,0,0,1,0,0,1,1,0,0,1,0,0,0,0
16653155,ior,ior_small_direct_t16384_n4_r1,1,0,0,0,0,0,0,0,0,0,1,0,0,1,1,0,0,1,0,0,0,0
16653156,ior,ior_small_direct_t16384_n4_r2,1,0,0,0,0,0,0,0,0,0,1,0,0,1,1,0,0,1,0,0,0,0
16653157,ior,ior_small_direct_t16384_n4_r3,1,0,0,0,0,0,0,0,0,0,1,0,0,1,1,0,0,1,0,0,0,0
16653158,ior,ior_small_direct_t16384_n16_r1,1,0,0,0,0,0,0,0,0,0,1,0,0,1,1,0,0,1,0,0,0,0
16653159,ior,ior_small_direct_t16384_n16_r2,1,0,0,0,0,0,0,0,0,0,1,0,0,1,1,0,0,1,0,0,0,0
16653160,ior,ior_small_direct_t16384_n16_r3,1,0,0,0,0,0,0,0,0,0,1,0,0,1,1,0,0,1,0,0,0,0
16653161,ior,ior_misaligned_t1000_n4_r1,1,0,0,0,0,0,0,0,0,0,1,0,0,1,1,0,0,1,0,0,0,0
16653162,ior,ior_misaligned_t1000_n4_r2,1,0,0,0,0,0,0,0,0,0,1,0,0,1,1,0,0,1,0,0,0,0
16653163,ior,ior_misaligned_t1000_n4_r3,1,0,0,0,0,0,0,0,0,0,1,0,0,1,1,0,0,1,0,0,0,0
16653164,ior,ior_misaligned_t1000_n16_r1,1,0,0,0,0,0,0,0,0,0,1,0,0,1,1,0,0,1,0,0,0,0
16653165,ior,ior_misaligned_t1000_n16_r2,1,0,0,0,0,0,0,0,0,0,1,0,0,1,1,0,0,1,0,0,0,0
16653166,ior,ior_misaligned_t1000_n16_r3,1,0,0,0,0,0,0,0,0,0,1,0,0,1,1,0,0,1,0,0,0,0
16653173,ior,ior_misaligned_t3000_n4_r1,1,0,0,0,0,0,0,0,0,0,1,0,0,1,1,0,0,1,0,0,0,0
16653174,ior,ior_misaligned_t3000_n4_r2,1,0,0,0,0,0,0,0,0,0,1,0,0,1,1,0,0,1,0,0,0,0
16653175,ior,ior_misaligned_t3000_n4_r3,1,0,0,0,0,0,0,0,0,0,1,0,0,1,1,0,0,1,0,0,0,0
16653176,ior,ior_misaligned_t3000_n16_r1,1,0,0,0,0,0,0,0,0,0,1,0,0,1,1,0,0,1,0,0,0,0
16653177,ior,ior_misaligned_t3000_n16_r2,1,0,0,0,0,0,0,0,0,0,1,0,0,1,1,0,0,1,0,0,0,0
16653178,ior,ior_misaligned_t3000_n16_r3,1,0,0,0,0,0,0,0,0,0,1,0,0,1,1,0,0,1,0,0,0,0
16653179,ior,ior_misaligned_t7000_n4_r1,1,0,0,0,0,0,0,0,0,0,1,0,0,1,1,0,0,1,0,0,0,0
16653180,ior,ior_misaligned_t7000_n4_r2,1,0,0,0,0,0,0,0,0,0,1,0,0,1,1,0,0,1,0,0,0,0
16653181,ior,ior_misaligned_t7000_n4_r3,1,0,0,0,0,0,0,0,0,0,1,0,0,1,1,0,0,1,0,0,0,0
16653182,ior,ior_misaligned_t7000_n16_r1,1,0,0,0,0,0,0,0,0,0,1,0,0,1,1,0,0,1,0,0,0,0
16653183,ior,ior_misaligned_t7000_n16_r2,1,0,0,0,0,0,0,0,0,0,1,0,0,1,1,0,0,1,0,0,0,0
16653184,ior,ior_misaligned_t7000_n16_r3,1,0,0,0,0,0,0,0,0,0,1,0,0,1,1,0,0,1,0,0,0,0
16653185,ior,ior_random_posix_t4096_n4_r1,0,0,0,1,0,0,0,0,0,0,1,0,1,0,1,0,0,1,0,0,0,0
16653186,ior,ior_random_posix_t4096_n4_r2,0,0,0,1,0,0,0,0,0,0,1,0,1,0,1,0,0,1,0,0,0,0
16653187,ior,ior_random_posix_t4096_n4_r3,0,0,0,1,0,0,0,0,0,0,1,0,1,0,1,0,0,1,0,0,0,0
16653188,ior,ior_random_posix_t4096_n16_r1,0,0,0,1,0,0,0,0,0,0,1,0,0,1,1,0,0,1,0,0,0,0
16653189,ior,ior_random_posix_t4096_n16_r2,0,0,0,1,0,0,0,0,0,0,1,0,0,1,1,0,0,1,0,0,0,0
16653190,ior,ior_random_posix_t4096_n16_r3,0,0,0,1,0,0,0,0,0,0,1,0,0,1,1,0,0,1,0,0,0,0
16653194,ior,ior_random_posix_t65536_n4_r1,0,0,0,1,0,0,0,0,0,0,1,0,0,1,1,0,0,1,0,0,0,0
16653195,ior,ior_random_posix_t65536_n4_r2,0,0,0,1,0,0,0,0,0,0,1,0,0,1,1,0,0,1,0,0,0,0
16653196,ior,ior_random_posix_t65536_n4_r3,0,0,0,1,0,0,0,0,0,0,1,0,0,1,1,0,0,1,0,0,0,0
16653197,ior,ior_random_posix_t65536_n16_r1,0,0,0,1,0,0,0,0,0,0,1,0,1,0,1,0,0,1,0,0,0,0
16653198,ior,ior_random_posix_t65536_n16_r2,0,0,0,1,0,0,0,0,0,0,1,0,0,1,1,0,0,1,0,0,0,0
16804817,ior,ior_file_explosion_t65536_n128_r1,0,0,0,0,0,1,0,0,0,0,1,0,0,1,1,0,0,1,0,0,0,0
16804818,ior,ior_file_explosion_t65536_n128_r2,0,0,0,0,0,1,0,0,0,0,1,0,0,1,1,0,0,1,0,0,0,0
16804819,ior,ior_file_explosion_t65536_n128_r3,0,0,0,0,0,1,0,0,0,0,1,0,0,1,1,0,0,1,0,0,0,0
16804862,ior,ior_interface_mpiio_indep_t1048576_n128_r1,0,0,0,0,1,0,0,0,0,0,0,0,0,1,1,0,0,0,0,0,0,0
16804863,ior,ior_interface_mpiio_indep_t1048576_n128_r2,0,0,0,0,1,0,0,0,0,0,0,0,0,1,1,0,0,0,0,0,0,0
16804864,ior,ior_interface_mpiio_indep_t1048576_n128_r3,0,0,0,0,1,0,0,0,0,0,0,0,0,1,1,0,0,0,0,0,0,0
16843330,ior,ior_healthy_collective_t4194304_n128_r1,0,0,0,0,0,0,0,1,0,0,0,0,1,0,1,0,0,0,0,0,0,0
16843331,ior,ior_healthy_collective_t4194304_n128_r2,0,0,0,0,0,0,0,1,0,0,0,0,1,0,1,0,0,0,0,0,0,0
16843332,ior,ior_healthy_collective_t4194304_n128_r3,0,0,0,0,0,0,0,1,0,0,0,0,1,0,1,0,0,0,0,0,0,0
16651410,mdtest,mdtest_meta_shared_n1000_r4_rep1,0,1,0,0,0,0,0,0,1,0,1,0,0,0,0,1,0,1,0,0,0,0
16651411,mdtest,mdtest_meta_shared_n1000_r4_rep2,0,1,0,0,0,0,0,0,1,0,1,0,0,0,0,1,0,1,0,0,0,0
16651412,mdtest,mdtest_meta_shared_n1000_r4_rep3,0,1,0,0,0,0,0,0,1,0,1,0,0,0,0,1,0,1,0,0,0,0
16651413,mdtest,mdtest_meta_shared_n1000_r16_rep1,0,1,0,0,0,0,0,0,1,0,1,0,0,0,0,1,0,1,0,0,0,0
16651414,mdtest,mdtest_meta_shared_n1000_r16_rep2,0,1,0,0,0,0,0,0,1,0,1,0,0,0,0,1,0,1,0,0,0,0
16651415,mdtest,mdtest_meta_shared_n1000_r16_rep3,0,1,0,0,0,0,0,0,1,0,1,0,0,0,0,1,0,1,0,0,0,0
16651416,mdtest,mdtest_meta_shared_n5000_r4_rep1,0,1,0,0,0,0,0,0,1,0,1,0,0,0,0,1,0,1,0,0,0,0
16651417,mdtest,mdtest_meta_shared_n5000_r4_rep2,0,1,0,0,0,0,0,0,1,0,1,0,0,0,0,1,0,1,0,0,0,0
16651418,mdtest,mdtest_meta_shared_n5000_r4_rep3,0,1,0,0,0,0,0,0,1,0,1,0,0,0,0,1,0,1,0,0,0,0
16651419,mdtest,mdtest_meta_shared_n5000_r16_rep1,0,1,0,0,0,0,0,0,1,0,1,0,0,0,0,1,0,1,0,0,0,0
16651420,mdtest,mdtest_meta_shared_n5000_r16_rep2,0,1,0,0,0,0,0,0,1,0,1,0,0,0,0,1,0,1,0,0,0,0
16651421,mdtest,mdtest_meta_shared_n5000_r16_rep3,0,1,0,0,0,0,0,0,1,0,1,0,0,0,0,1,0,1,0,0,0,0
16651422,mdtest,mdtest_meta_shared_n10000_r4_rep1,0,1,0,0,0,0,0,0,1,0,1,0,0,0,0,1,0,1,0,0,0,0
16651423,mdtest,mdtest_meta_shared_n10000_r4_rep2,0,1,0,0,0,0,0,0,1,0,1,0,0,0,0,1,0,1,0,0,0,0
16651424,mdtest,mdtest_meta_shared_n10000_r4_rep3,0,1,0,0,0,0,0,0,1,0,1,0,0,0,0,1,0,1,0,0,0,0
16651425,mdtest,mdtest_meta_shared_n10000_r16_rep1,0,1,0,0,0,0,0,0,1,0,1,0,0,0,0,1,0,1,0,0,0,0
16651427,mdtest,mdtest_meta_shared_n10000_r16_rep3,0,1,0,0,0,0,0,0,1,0,1,0,0,0,0,1,0,1,0,0,0,0
16651428,mdtest,mdtest_meta_shared_n50000_r4_rep1,0,1,0,0,0,0,0,0,1,0,1,0,0,0,0,1,0,1,0,0,0,0
16651429,mdtest,mdtest_meta_shared_n50000_r4_rep2,0,1,0,0,0,0,0,0,1,0,1,0,0,0,0,1,0,1,0,0,0,0
16651430,mdtest,mdtest_meta_shared_n50000_r4_rep3,0,1,0,0,0,0,0,0,1,0,1,0,0,0,0,1,0,1,0,0,0,0
16651431,mdtest,mdtest_meta_shared_n50000_r16_rep1,0,1,0,0,0,0,0,0,1,0,1,0,0,0,0,1,0,1,0,0,0,0
16651432,mdtest,mdtest_meta_shared_n50000_r16_rep2,0,1,0,0,0,0,0,0,1,0,1,0,0,0,0,1,0,1,0,0,0,0
16651433,mdtest,mdtest_meta_shared_n50000_r16_rep3,0,1,0,0,0,0,0,0,1,0,1,0,0,0,0,1,0,1,0,0,0,0
16651434,mdtest,mdtest_meta_unique_n5000_r4_rep1,0,1,0,0,0,0,0,0,1,0,1,0,0,0,0,1,0,1,0,0,0,0
16651435,mdtest,mdtest_meta_unique_n5000_r4_rep2,0,1,0,0,0,0,0,0,1,0,1,0,0,0,0,1,0,1,0,0,0,0
16651436,mdtest,mdtest_meta_unique_n5000_r4_rep3,0,1,0,0,0,0,0,0,1,0,1,0,0,0,0,1,0,1,0,0,0,0
16651437,mdtest,mdtest_meta_unique_n5000_r16_rep1,0,1,0,0,0,0,0,0,1,0,1,0,0,0,0,1,0,1,0,0,0,0
16651438,mdtest,mdtest_meta_unique_n5000_r16_rep2,0,1,0,0,0,0,0,0,1,0,1,0,0,0,0,1,0,1,0,0,0,0
16651439,mdtest,mdtest_meta_unique_n5000_r16_rep3,0,1,0,0,0,0,0,0,1,0,1,0,0,0,0,1,0,1,0,0,0,0
16651440,mdtest,mdtest_meta_unique_n5000_r64_rep1,0,1,0,0,0,0,0,0,1,0,1,0,0,0,0,1,0,1,0,0,0,0
16651441,mdtest,mdtest_meta_unique_n5000_r64_rep2,0,1,0,0,0,0,0,0,1,0,1,0,0,0,0,1,0,1,0,0,0,0
16651442,mdtest,mdtest_meta_unique_n5000_r64_rep3,0,1,0,0,0,0,0,0,1,0,1,0,0,0,0,1,0,1,0,0,0,0
16653338,mdtest,mdtest_meta_shared_n1000_r4_rep1,0,1,0,0,0,0,0,0,1,0,1,0,0,0,0,1,0,1,0,0,0,0
16653339,mdtest,mdtest_meta_shared_n1000_r4_rep2,0,1,0,0,0,0,0,0,1,0,1,0,0,0,0,1,0,1,0,0,0,0
16653340,mdtest,mdtest_meta_shared_n1000_r4_rep3,0,1,0,0,0,0,0,0,1,0,1,0,0,0,0,1,0,1,0,0,0,0
16653341,mdtest,mdtest_meta_shared_n1000_r16_rep1,0,1,0,0,0,0,0,0,1,0,1,0,0,0,0,1,0,1,0,0,0,0
16653342,mdtest,mdtest_meta_shared_n1000_r16_rep2,0,1,0,0,0,0,0,0,1,0,1,0,0,0,0,1,0,1,0,0,0,0
16653343,mdtest,mdtest_meta_shared_n1000_r16_rep3,0,1,0,0,0,0,0,0,1,0,1,0,0,0,0,1,0,1,0,0,0,0
16653344,mdtest,mdtest_meta_shared_n5000_r4_rep1,0,1,0,0,0,0,0,0,1,0,1,0,0,0,0,1,0,1,0,0,0,0
16653345,mdtest,mdtest_meta_shared_n5000_r4_rep2,0,1,0,0,0,0,0,0,1,0,1,0,0,0,0,1,0,1,0,0,0,0
16653346,mdtest,mdtest_meta_shared_n5000_r4_rep3,0,1,0,0,0,0,0,0,1,0,1,0,0,0,0,1,0,1,0,0,0,0
16653347,mdtest,mdtest_meta_shared_n5000_r16_rep1,0,1,0,0,0,0,0,0,1,0,1,0,0,0,0,1,0,1,0,0,0,0
16653348,mdtest,mdtest_meta_shared_n5000_r16_rep2,0,1,0,0,0,0,0,0,1,0,1,0,0,0,0,1,0,1,0,0,0,0
16653349,mdtest,mdtest_meta_shared_n5000_r16_rep3,0,1,0,0,0,0,0,0,1,0,1,0,0,0,0,1,0,1,0,0,0,0
16653350,mdtest,mdtest_meta_shared_n10000_r4_rep1,0,1,0,0,0,0,0,0,1,0,1,0,0,0,0,1,0,1,0,0,0,0
16653351,mdtest,mdtest_meta_shared_n10000_r4_rep2,0,1,0,0,0,0,0,0,1,0,1,0,0,0,0,1,0,1,0,0,0,0
16653352,mdtest,mdtest_meta_shared_n10000_r4_rep3,0,1,0,0,0,0,0,0,1,0,1,0,0,0,0,1,0,1,0,0,0,0
16653353,mdtest,mdtest_meta_shared_n10000_r16_rep1,0,1,0,0,0,0,0,0,1,0,1,0,0,0,0,1,0,1,0,0,0,0
16653354,mdtest,mdtest_meta_shared_n10000_r16_rep2,0,1,0,0,0,0,0,0,1,0,1,0,0,0,0,1,0,1,0,0,0,0
16653355,mdtest,mdtest_meta_shared_n10000_r16_rep3,0,1,0,0,0,0,0,0,1,0,1,0,0,0,0,1,0,1,0,0,0,0
16653356,mdtest,mdtest_meta_shared_n50000_r4_rep1,0,1,0,0,0,0,0,0,1,0,1,0,0,0,0,1,0,1,0,0,0,0
16653357,mdtest,mdtest_meta_shared_n50000_r4_rep2,0,1,0,0,0,0,0,0,1,0,1,0,0,0,0,1,0,1,0,0,0,0
16653358,mdtest,mdtest_meta_shared_n50000_r4_rep3,0,1,0,0,0,0,0,0,1,0,1,0,0,0,0,1,0,1,0,0,0,0
16653359,mdtest,mdtest_meta_shared_n50000_r16_rep1,0,1,0,0,0,0,0,0,1,0,1,0,0,0,0,1,0,1,0,0,0,0
16653360,mdtest,mdtest_meta_shared_n50000_r16_rep2,0,1,0,0,0,0,0,0,1,0,1,0,0,0,0,1,0,1,0,0,0,0
16653361,mdtest,mdtest_meta_shared_n50000_r16_rep3,0,1,0,0,0,0,0,0,1,0,1,0,0,0,0,1,0,1,0,0,0,0
16653362,mdtest,mdtest_meta_unique_n5000_r4_rep1,0,1,0,0,0,0,0,0,1,0,1,0,0,0,0,1,0,1,0,0,0,0
16653363,mdtest,mdtest_meta_unique_n5000_r4_rep2,0,1,0,0,0,0,0,0,1,0,1,0,0,0,0,1,0,1,0,0,0,0
16653364,mdtest,mdtest_meta_unique_n5000_r4_rep3,0,1,0,0,0,0,0,0,1,0,1,0,0,0,0,1,0,1,0,0,0,0
16653365,mdtest,mdtest_meta_unique_n5000_r16_rep1,0,1,0,0,0,0,0,0,1,0,1,0,0,0,0,1,0,1,0,0,0,0
16653366,mdtest,mdtest_meta_unique_n5000_r16_rep2,0,1,0,0,0,0,0,0,1,0,1,0,0,0,0,1,0,1,0,0,0,0
16653367,mdtest,mdtest_meta_unique_n5000_r16_rep3,0,1,0,0,0,0,0,0,1,0,1,0,0,0,0,1,0,1,0,0,0,0
16653368,mdtest,mdtest_meta_unique_n5000_r64_rep1,0,1,0,0,0,0,0,0,1,0,1,0,0,0,0,1,0,1,0,0,0,0
16653369,mdtest,mdtest_meta_unique_n5000_r64_rep2,0,1,0,0,0,0,0,0,1,0,1,0,0,0,0,1,0,1,0,0,0,0
16653370,mdtest,mdtest_meta_unique_n5000_r64_rep3,0,1,0,0,0,0,0,0,1,0,1,0,0,0,0,1,0,1,0,0,0,0
16653371,mdtest,mdtest_meta_unique_n10000_r4_rep1,0,1,0,0,0,0,0,0,1,0,1,0,0,0,0,1,0,1,0,0,0,0
16653372,mdtest,mdtest_meta_unique_n10000_r4_rep2,0,1,0,0,0,0,0,0,1,0,1,0,0,0,0,1,0,1,0,0,0,0
16653373,mdtest,mdtest_meta_unique_n10000_r4_rep3,0,1,0,0,0,0,0,0,1,0,1,0,0,0,0,1,0,1,0,0,0,0
16653374,mdtest,mdtest_meta_unique_n10000_r16_rep1,0,1,0,0,0,0,0,0,1,0,1,0,0,0,0,1,0,1,0,0,0,0
16653375,mdtest,mdtest_meta_unique_n10000_r16_rep2,0,1,0,0,0,0,0,0,1,0,1,0,0,0,0,1,0,1,0,0,0,0
16653376,mdtest,mdtest_meta_unique_n10000_r16_rep3,0,1,0,0,0,0,0,0,1,0,1,0,0,0,0,1,0,1,0,0,0,0
16653377,mdtest,mdtest_meta_unique_n10000_r64_rep1,0,1,0,0,0,0,0,0,1,0,1,0,0,0,0,1,0,1,0,0,0,0
16653378,mdtest,mdtest_meta_unique_n10000_r64_rep2,0,1,0,0,0,0,0,0,1,0,1,0,0,0,0,1,0,1,0,0,0,0
16653379,mdtest,mdtest_meta_unique_n10000_r64_rep3,0,1,0,0,0,0,0,0,1,0,1,0,0,0,0,1,0,1,0,0,0,0
16653380,mdtest,mdtest_meta_unique_n50000_r4_rep1,0,1,0,0,0,0,0,0,1,0,1,0,0,0,0,1,0,1,0,0,0,0
16653381,mdtest,mdtest_meta_unique_n50000_r4_rep2,0,1,0,0,0,0,0,0,1,0,1,0,0,0,0,1,0,1,0,0,0,0
16653382,mdtest,mdtest_meta_unique_n50000_r4_rep3,0,1,0,0,0,0,0,0,1,0,1,0,0,0,0,1,0,1,0,0,0,0
16653383,mdtest,mdtest_meta_unique_n50000_r16_rep1,0,1,0,0,0,0,0,0,1,0,1,0,0,0,0,1,0,1,0,0,0,0
16653384,mdtest,mdtest_meta_unique_n50000_r16_rep2,0,1,0,0,0,0,0,0,1,0,1,0,0,0,0,1,0,1,0,0,0,0
16653385,mdtest,mdtest_meta_unique_n50000_r16_rep3,0,1,0,0,0,0,0,0,1,0,1,0,0,0,0,1,0,1,0,0,0,0
16653386,mdtest,mdtest_meta_cross_n5000_r32_rep1,0,1,0,0,0,0,0,0,1,0,1,0,0,1,1,1,0,1,0,0,0,0
16653387,mdtest,mdtest_meta_cross_n5000_r32_rep2,0,1,0,0,0,0,0,0,1,0,1,0,0,1,1,1,0,1,0,0,0,0
16653388,mdtest,mdtest_meta_cross_n5000_r32_rep3,0,1,0,0,0,0,0,0,1,0,1,0,0,1,1,1,0,1,0,0,0,0
16653389,mdtest,mdtest_meta_cross_n5000_r64_rep1,0,1,0,0,0,0,0,0,1,0,1,0,1,1,1,1,0,1,0,0,0,0
16653390,mdtest,mdtest_meta_cross_n5000_r64_rep2,0,1,0,0,0,0,0,0,1,0,1,0,1,1,1,1,0,1,0,0,0,0
16653391,mdtest,mdtest_meta_cross_n5000_r64_rep3,0,1,0,0,0,0,0,0,1,0,1,0,0,1,1,1,0,1,0,0,0,0
16653392,mdtest,mdtest_meta_cross_n5000_r128_rep1,0,1,0,0,0,0,0,0,1,0,1,0,0,1,1,1,0,1,0,0,0,0
16653393,mdtest,mdtest_meta_cross_n5000_r128_rep2,0,1,0,0,0,0,0,0,1,0,1,0,0,1,1,1,0,1,0,0,0,0
16653394,mdtest,mdtest_meta_cross_n5000_r128_rep3,0,1,0,0,0,0,0,0,1,0,1,0,0,1,1,1,0,1,0,0,0,0
16653396,mdtest,mdtest_meta_cross_n10000_r32_rep2,0,1,0,0,0,0,0,0,1,0,1,0,0,1,1,1,0,1,0,0,0,0
16653397,mdtest,mdtest_meta_cross_n10000_r32_rep3,0,1,0,0,0,0,0,0,0,0,1,0,1,1,1,0,0,1,0,0,0,0
16653398,mdtest,mdtest_meta_cross_n10000_r64_rep1,0,1,0,0,0,0,0,0,1,0,1,0,1,1,1,1,0,1,0,0,0,0
16653400,mdtest,mdtest_meta_cross_n10000_r64_rep3,0,1,0,0,0,0,0,0,1,0,1,0,0,1,1,1,0,1,0,0,0,0
16653404,mdtest,mdtest_fpp_explosion_n100_r32_rep1,0,0,0,0,0,1,0,0,1,0,1,0,0,1,1,1,0,1,0,0,0,0
16653405,mdtest,mdtest_fpp_explosion_n100_r32_rep2,0,0,0,0,0,1,0,0,1,0,1,0,0,1,1,1,0,1,0,0,0,0
16653406,mdtest,mdtest_fpp_explosion_n100_r32_rep3,0,0,0,0,0,1,0,0,1,0,1,0,0,1,1,1,0,1,0,0,0,0
16653407,mdtest,mdtest_fpp_explosion_n100_r64_rep1,0,0,0,0,0,1,0,0,0,0,1,0,0,1,1,0,0,1,0,0,0,0
16653408,mdtest,mdtest_fpp_explosion_n100_r64_rep2,0,0,0,0,0,1,0,0,1,0,1,0,0,1,1,1,0,1,0,0,0,0
16653409,mdtest,mdtest_fpp_explosion_n100_r64_rep3,0,0,0,0,0,1,0,0,1,0,1,0,0,1,1,1,0,1,0,0,0,0
16653410,mdtest,mdtest_fpp_explosion_n100_r128_rep1,0,0,0,0,0,1,0,0,1,0,1,0,0,1,1,1,0,1,0,0,0,0
16653411,mdtest,mdtest_fpp_explosion_n100_r128_rep2,0,0,0,0,0,1,0,0,1,0,1,0,0,1,1,1,0,1,0,0,0,0
16653412,mdtest,mdtest_fpp_explosion_n100_r128_rep3,0,0,0,0,0,1,0,0,1,0,1,0,0,1,1,1,0,1,0,0,0,0
16653413,mdtest,mdtest_fpp_explosion_n500_r32_rep1,0,0,0,0,0,1,0,0,1,0,1,0,0,1,1,1,0,1,0,0,0,0
16653414,mdtest,mdtest_fpp_explosion_n500_r32_rep2,0,0,0,0,0,1,0,0,1,0,1,0,0,1,1,1,0,1,0,0,0,0
16653415,mdtest,mdtest_fpp_explosion_n500_r32_rep3,0,0,0,0,0,1,0,0,1,0,1,0,0,1,1,1,0,1,0,0,0,0
16653416,mdtest,mdtest_fpp_explosion_n500_r64_rep1,0,0,0,0,0,1,0,0,1,0,1,0,0,1,1,1,0,1,0,0,0,0
16653417,mdtest,mdtest_fpp_explosion_n500_r64_rep2,0,0,0,0,0,1,0,0,1,0,1,0,0,1,1,1,0,1,0,0,0,0
16653418,mdtest,mdtest_fpp_explosion_n500_r64_rep3,0,0,0,0,0,1,0,0,1,0,1,0,0,1,1,1,0,1,0,0,0,0
16653419,mdtest,mdtest_fpp_explosion_n500_r128_rep1,0,0,0,0,0,1,0,0,1,0,1,0,0,1,1,1,0,1,0,0,0,0
16653420,mdtest,mdtest_fpp_explosion_n500_r128_rep2,0,0,0,0,0,1,0,0,1,0,1,0,0,1,1,1,0,1,0,0,0,0
16653421,mdtest,mdtest_fpp_explosion_n500_r128_rep3,0,0,0,0,0,1,0,0,1,0,1,0,0,1,1,1,0,1,0,0,0,0
16653422,mdtest,mdtest_fpp_explosion_n1000_r32_rep1,0,0,0,0,0,1,0,0,1,0,1,0,0,1,1,1,0,1,0,0,0,0
16653423,mdtest,mdtest_fpp_explosion_n1000_r32_rep2,0,0,0,0,0,1,0,0,1,0,1,0,0,1,1,1,0,1,0,0,0,0
16653424,mdtest,mdtest_fpp_explosion_n1000_r32_rep3,0,0,0,0,0,1,0,0,1,0,1,0,0,1,1,1,0,1,0,0,0,0
16804880,mdtest,mdtest_fpp_explosion_n1000_r128_rep1,0,0,0,0,0,1,0,0,1,0,1,0,1,1,1,1,0,1,0,0,0,0
16804881,mdtest,mdtest_fpp_explosion_n1000_r128_rep2,0,0,0,0,0,1,0,0,1,0,1,0,0,1,1,1,0,1,0,0,0,0
16804882,mdtest,mdtest_fpp_explosion_n1000_r128_rep3,0,0,0,0,0,1,0,0,1,0,1,0,1,1,1,1,0,1,0,0,0,0
16804886,mdtest,mdtest_fpp_explosion_n5000_r128_rep1,0,0,0,0,0,1,0,0,1,0,1,0,0,1,1,1,0,1,0,0,0,0
16804887,mdtest,mdtest_fpp_explosion_n5000_r128_rep2,0,0,0,0,0,1,0,0,1,0,1,0,1,1,1,1,0,1,0,0,0,0
16804888,mdtest,mdtest_fpp_explosion_n5000_r128_rep3,0,0,0,0,0,1,0,0,1,0,1,0,0,1,1,1,0,1,0,0,0,0
16648436,dlio,dlio_small_rl64_n4_rep1,1,0,0,0,0,0,0,0,1,1,1,1,0,0,0,1,1,1,0,0,0,0
16648437,dlio,dlio_small_rl64_n4_rep2,1,0,0,0,0,0,0,0,1,1,1,1,0,0,0,1,1,1,0,0,0,0
16648438,dlio,dlio_small_rl64_n4_rep3,1,0,0,0,0,0,0,0,1,1,1,1,0,0,0,1,1,1,0,0,0,0
16648439,dlio,dlio_small_rl64_n8_rep1,1,0,0,0,0,0,0,0,1,1,1,1,0,0,0,1,1,1,0,0,0,0
16648440,dlio,dlio_small_rl64_n8_rep2,1,0,0,0,0,0,0,0,1,1,1,1,0,0,0,1,1,1,0,0,0,0
16648441,dlio,dlio_small_rl64_n8_rep3,1,0,0,0,0,0,0,0,1,1,1,1,0,0,0,1,1,1,0,0,0,0
16648442,dlio,dlio_small_rl256_n4_rep1,1,0,0,0,0,0,0,0,1,1,1,1,0,0,0,1,1,1,0,0,0,0
16648443,dlio,dlio_small_rl256_n4_rep2,1,0,0,0,0,0,0,0,1,1,1,1,0,0,0,1,1,1,0,0,0,0
16648444,dlio,dlio_small_rl256_n4_rep3,1,0,0,0,0,0,0,0,1,1,1,1,0,0,0,1,1,1,0,0,0,0
16648445,dlio,dlio_small_rl256_n8_rep1,1,0,0,0,0,0,0,0,1,1,1,1,0,0,0,1,1,1,0,0,0,0
16648446,dlio,dlio_small_rl256_n8_rep2,1,0,0,0,0,0,0,0,1,1,1,1,0,0,0,1,1,1,0,0,0,0
16648447,dlio,dlio_small_rl256_n8_rep3,1,0,0,0,0,0,0,0,1,1,1,1,0,0,0,1,1,1,0,0,0,0
16648448,dlio,dlio_small_rl1024_n4_rep1,1,0,0,0,0,0,0,0,1,1,1,1,0,0,0,1,1,1,0,0,0,0
16648449,dlio,dlio_small_rl1024_n4_rep2,1,0,0,0,0,0,0,0,1,1,1,1,0,0,0,1,1,1,0,0,0,0
16648450,dlio,dlio_small_rl1024_n4_rep3,1,0,0,0,0,0,0,0,1,1,1,1,0,0,0,1,1,1,0,0,0,0
16648451,dlio,dlio_small_rl1024_n8_rep1,1,0,0,0,0,0,0,0,1,1,1,1,0,0,0,1,1,1,0,0,0,0
16648452,dlio,dlio_small_rl1024_n8_rep2,1,0,0,0,0,0,0,0,1,1,1,1,0,0,0,1,1,1,0,0,0,0
16648453,dlio,dlio_small_rl1024_n8_rep3,1,0,0,0,0,0,0,0,1,1,1,1,0,0,0,1,1,1,0,0,0,0
16648454,dlio,dlio_small_rl4096_n4_rep1,1,0,0,0,0,0,0,0,1,1,1,1,0,0,0,1,1,1,0,0,0,0
16648455,dlio,dlio_small_rl4096_n4_rep2,1,0,0,0,0,0,0,0,1,1,1,1,0,0,0,1,1,1,0,0,0,0
16648456,dlio,dlio_small_rl4096_n4_rep3,1,0,0,0,0,0,0,0,1,1,1,1,0,0,0,1,1,1,0,0,0,0
16648457,dlio,dlio_small_rl4096_n8_rep1,1,0,0,0,0,0,0,0,1,1,1,1,0,0,0,1,1,1,0,0,0,0
16648458,dlio,dlio_small_rl4096_n8_rep2,1,0,0,0,0,0,0,0,1,1,1,1,1,0,1,1,1,1,0,0,0,0
16648459,dlio,dlio_small_rl4096_n8_rep3,1,0,0,0,0,0,0,0,1,1,1,1,0,0,0,1,1,1,0,0,0,0
16648460,dlio,dlio_ckpt_ms100000000_n4_rep1,0,0,0,0,0,0,1,0,1,1,1,1,0,0,0,1,1,1,0,0,0,0
16648461,dlio,dlio_ckpt_ms100000000_n4_rep2,0,0,0,0,0,0,1,0,1,1,1,1,0,0,0,1,1,1,0,0,0,0
16648462,dlio,dlio_ckpt_ms100000000_n4_rep3,0,0,0,0,0,0,1,0,1,1,1,1,0,0,0,1,1,1,0,0,0,0
16648463,dlio,dlio_ckpt_ms100000000_n8_rep1,0,0,0,0,0,0,1,0,1,1,1,1,0,0,0,1,1,1,0,0,0,0
16648464,dlio,dlio_ckpt_ms100000000_n8_rep2,0,0,0,0,0,0,1,0,1,1,1,1,0,0,0,1,1,1,0,0,0,0
16648465,dlio,dlio_ckpt_ms100000000_n8_rep3,0,0,0,0,0,0,1,0,1,1,1,1,0,0,0,1,1,1,0,0,0,0
16648466,dlio,dlio_ckpt_ms500000000_n4_rep1,0,0,0,0,0,0,1,0,1,1,1,1,1,0,1,1,1,1,0,0,0,0
16648467,dlio,dlio_ckpt_ms500000000_n4_rep2,0,0,0,0,0,0,1,0,1,1,1,1,0,0,0,1,1,1,0,0,0,0
16648468,dlio,dlio_ckpt_ms500000000_n4_rep3,0,0,0,0,0,0,1,0,1,1,1,1,0,0,0,1,1,1,0,0,0,0
16648469,dlio,dlio_ckpt_ms500000000_n8_rep1,0,0,0,0,0,0,1,0,1,1,1,1,0,0,0,1,1,1,0,0,0,0
16648470,dlio,dlio_ckpt_ms500000000_n8_rep2,0,0,0,0,0,0,1,0,1,1,1,1,0,0,0,1,1,1,0,0,0,0
16648471,dlio,dlio_ckpt_ms500000000_n8_rep3,0,0,0,0,0,0,1,0,1,1,1,1,0,0,0,1,1,1,0,0,0,0
16648472,dlio,dlio_ckpt_ms1000000000_n4_rep1,0,0,0,0,0,0,1,0,1,1,1,1,0,0,0,1,1,1,0,0,0,0
16648473,dlio,dlio_ckpt_ms1000000000_n4_rep2,0,0,0,0,0,0,1,0,1,1,1,1,0,0,0,1,1,1,0,0,0,0
16648474,dlio,dlio_ckpt_ms1000000000_n4_rep3,0,0,0,0,0,0,1,0,1,1,1,1,0,0,0,1,1,1,0,0,0,0
16648475,dlio,dlio_ckpt_ms1000000000_n8_rep1,0,0,0,0,0,0,1,0,1,1,1,1,0,0,0,1,1,1,0,0,0,0
16648476,dlio,dlio_ckpt_ms1000000000_n8_rep2,0,0,0,0,0,0,1,0,1,1,1,1,0,0,0,1,1,1,0,0,0,0
16648477,dlio,dlio_ckpt_ms1000000000_n8_rep3,0,0,0,0,0,0,1,0,1,1,1,1,0,0,0,1,1,1,0,0,0,0
16648478,dlio,dlio_healthy_rl1048576_n4_rep1,0,0,0,0,0,0,0,1,1,1,1,1,0,0,0,1,1,1,0,0,0,0
16648479,dlio,dlio_healthy_rl1048576_n4_rep2,0,0,0,0,0,0,0,1,1,1,1,1,0,0,0,1,1,1,0,0,0,0
16648480,dlio,dlio_healthy_rl1048576_n4_rep3,0,0,0,0,0,0,0,1,1,1,1,1,0,0,0,1,1,1,0,0,0,0
16648481,dlio,dlio_healthy_rl1048576_n8_rep1,0,0,0,0,0,0,0,1,1,1,1,1,0,0,0,1,1,1,0,0,0,0
16648482,dlio,dlio_healthy_rl1048576_n8_rep2,0,0,0,0,0,0,0,1,1,1,1,1,0,0,0,1,1,1,0,0,0,0
16648483,dlio,dlio_healthy_rl1048576_n8_rep3,0,0,0,0,0,0,0,1,1,1,1,1,1,0,1,1,1,1,0,0,0,0
16648484,dlio,dlio_healthy_rl4194304_n4_rep1,0,0,0,0,0,0,0,1,1,1,1,1,0,0,0,1,1,1,0,0,0,0
16648485,dlio,dlio_healthy_rl4194304_n4_rep2,0,0,0,0,0,0,0,1,1,1,1,1,0,0,0,1,1,1,0,0,0,0
16648486,dlio,dlio_healthy_rl4194304_n4_rep3,0,0,0,0,0,0,0,1,1,1,1,1,0,0,0,1,1,1,0,0,0,0
16648487,dlio,dlio_healthy_rl4194304_n8_rep1,0,0,0,0,0,0,0,1,1,1,1,1,0,0,0,1,1,1,0,0,0,0
16648488,dlio,dlio_healthy_rl4194304_n8_rep2,0,0,0,0,0,0,0,1,1,1,1,1,0,0,0,1,1,1,0,0,0,0
16648489,dlio,dlio_healthy_rl4194304_n8_rep3,0,0,0,0,0,0,0,1,1,1,1,1,0,0,0,1,1,1,0,0,0,0
16648490,dlio,dlio_shuffle_n4_rep1,0,0,0,1,0,0,0,0,1,1,1,1,0,0,0,1,1,1,0,0,0,0
16648491,dlio,dlio_shuffle_n4_rep2,0,0,0,1,0,0,0,0,1,1,1,1,0,0,0,1,1,1,0,0,0,0
16648492,dlio,dlio_shuffle_n4_rep3,0,0,0,1,0,0,0,0,1,1,1,1,0,0,0,1,1,1,0,0,0,0
16648493,dlio,dlio_shuffle_n8_rep1,0,0,0,1,0,0,0,0,1,1,1,1,0,0,0,1,1,1,0,0,0,0
16648494,dlio,dlio_shuffle_n8_rep2,0,0,0,1,0,0,0,0,1,1,1,1,0,0,0,1,1,1,0,0,0,0
16648495,dlio,dlio_shuffle_n8_rep3,0,0,0,1,0,0,0,0,1,1,1,1,0,0,0,1,1,1,0,0,0,0
16648497,custom,custom_imbalance_f2_mb10_n4_r1,0,0,1,0,0,0,0,0,1,1,1,1,0,1,1,1,1,1,0,0,0,0
16648498,custom,custom_imbalance_f2_mb10_n4_r2,0,0,1,0,0,0,0,0,1,1,1,1,0,0,0,1,1,1,0,0,0,0
16648499,custom,custom_imbalance_f2_mb10_n4_r3,0,0,1,0,0,0,0,0,1,1,1,1,0,1,1,1,1,1,0,0,0,0
16648500,custom,custom_imbalance_f2_mb10_n16_r1,0,0,1,0,0,0,0,0,1,1,1,1,0,1,1,1,1,1,0,0,0,0
16648501,custom,custom_imbalance_f2_mb10_n16_r2,0,0,1,0,0,0,0,0,1,1,1,1,1,1,1,1,1,1,0,0,0,0
16648502,custom,custom_imbalance_f2_mb10_n16_r3,0,0,1,0,0,0,0,0,1,1,1,1,1,1,1,1,1,1,0,0,0,0
16648503,custom,custom_imbalance_f2_mb10_n64_r1,0,0,1,0,0,0,0,0,1,1,1,1,0,1,1,1,1,1,0,0,0,0
16648504,custom,custom_imbalance_f2_mb10_n64_r2,0,0,1,0,0,0,0,0,1,1,1,1,0,1,1,1,1,1,0,0,0,0
16648505,custom,custom_imbalance_f2_mb10_n64_r3,0,0,1,0,0,0,0,0,1,1,1,1,0,0,0,1,1,1,0,0,0,0
16648506,custom,custom_imbalance_f2_mb50_n4_r1,0,0,1,0,0,0,0,0,1,1,1,1,1,1,1,1,1,1,0,0,0,0
16648507,custom,custom_imbalance_f2_mb50_n4_r2,0,0,1,0,0,0,0,0,1,1,1,1,1,0,1,1,1,1,0,0,0,0
16648508,custom,custom_imbalance_f2_mb50_n4_r3,0,0,1,0,0,0,0,0,1,1,1,1,1,0,1,1,1,1,0,0,0,0
16648509,custom,custom_imbalance_f2_mb50_n16_r1,0,0,1,0,0,0,0,0,1,1,1,1,1,0,1,1,1,1,0,0,0,0
16648510,custom,custom_imbalance_f2_mb50_n16_r2,0,0,1,0,0,0,0,0,1,1,1,1,1,0,1,1,1,1,0,0,0,0
16648511,custom,custom_imbalance_f2_mb50_n16_r3,0,0,1,0,0,0,0,0,1,1,1,1,1,0,1,1,1,1,0,0,0,0
16648512,custom,custom_imbalance_f2_mb50_n64_r1,0,0,1,0,0,0,0,0,1,1,1,1,0,0,0,1,1,1,0,0,0,0
16648513,custom,custom_imbalance_f2_mb50_n64_r2,0,0,1,0,0,0,0,0,1,1,1,1,0,0,0,1,1,1,0,0,0,0
16648514,custom,custom_imbalance_f2_mb50_n64_r3,0,0,1,0,0,0,0,0,1,1,1,1,0,1,1,1,1,1,0,0,0,0
16648515,custom,custom_imbalance_f5_mb10_n4_r1,0,0,1,0,0,0,0,0,1,1,1,1,1,1,1,1,1,1,0,0,0,0
16648516,custom,custom_imbalance_f5_mb10_n4_r2,0,0,1,0,0,0,0,0,1,1,1,1,1,1,1,1,1,1,0,0,0,0
16648517,custom,custom_imbalance_f5_mb10_n4_r3,0,0,1,0,0,0,0,0,1,1,1,1,1,1,1,1,1,1,0,0,0,0
16648518,custom,custom_imbalance_f5_mb10_n16_r1,0,0,1,0,0,0,0,0,1,1,1,1,1,1,1,1,1,1,0,0,0,0
16648519,custom,custom_imbalance_f5_mb10_n16_r2,0,0,1,0,0,0,0,0,1,1,1,1,1,1,1,1,1,1,0,0,0,0
16648520,custom,custom_imbalance_f5_mb10_n16_r3,0,0,1,0,0,0,0,0,1,1,1,1,0,0,0,1,1,1,0,0,0,0
16648521,custom,custom_imbalance_f5_mb10_n64_r1,0,0,1,0,0,0,0,0,1,1,1,1,0,1,1,1,1,1,0,0,0,0
16648522,custom,custom_imbalance_f5_mb10_n64_r2,0,0,1,0,0,0,0,0,1,1,1,1,0,0,0,1,1,1,0,0,0,0
16648523,custom,custom_imbalance_f5_mb10_n64_r3,0,0,1,0,0,0,0,0,1,1,1,1,0,1,1,1,1,1,0,0,0,0
16648524,custom,custom_imbalance_f5_mb50_n4_r1,0,0,1,0,0,0,0,0,1,1,1,1,1,1,1,1,1,1,0,0,0,0
16648525,custom,custom_imbalance_f5_mb50_n4_r2,0,0,1,0,0,0,0,0,1,1,1,1,0,1,1,1,1,1,0,0,0,0
16648526,custom,custom_imbalance_f5_mb50_n4_r3,0,0,1,0,0,0,0,0,1,1,1,1,0,0,0,1,1,1,0,0,0,0
16648527,custom,custom_imbalance_f5_mb50_n16_r1,0,0,1,0,0,0,0,0,1,1,1,1,0,0,0,1,1,1,0,0,0,0
16648528,custom,custom_imbalance_f5_mb50_n16_r2,0,0,1,0,0,0,0,0,1,1,1,1,0,0,0,1,1,1,0,0,0,0
16648529,custom,custom_imbalance_f5_mb50_n16_r3,0,0,1,0,0,0,0,0,1,1,1,1,0,0,0,1,1,1,0,0,0,0
16648530,custom,custom_imbalance_f5_mb50_n64_r1,0,0,1,0,0,0,0,0,1,1,1,1,0,0,0,1,1,1,0,0,0,0
16648531,custom,custom_imbalance_f5_mb50_n64_r2,0,0,1,0,0,0,0,0,1,1,1,1,0,0,0,1,1,1,0,0,0,0
16648532,custom,custom_imbalance_f5_mb50_n64_r3,0,0,1,0,0,0,0,0,1,1,1,1,0,1,1,1,1,1,0,0,0,0
16648533,custom,custom_imbalance_f10_mb10_n4_r1,0,0,1,0,0,0,0,0,1,1,1,1,0,1,1,1,1,1,0,0,0,0
16648534,custom,custom_imbalance_f10_mb10_n4_r2,0,0,1,0,0,0,0,0,1,1,1,1,1,1,1,1,1,1,0,0,0,0
16648536,custom,custom_imbalance_f10_mb10_n16_r1,0,0,1,0,0,0,0,0,1,1,1,1,0,1,1,1,1,1,0,0,0,0
16648537,custom,custom_imbalance_f10_mb10_n16_r2,0,0,1,0,0,0,0,0,1,1,1,1,0,1,1,1,1,1,0,0,0,0
16648538,custom,custom_imbalance_f10_mb10_n16_r3,0,0,1,0,0,0,0,0,1,1,1,1,0,1,1,1,1,1,0,0,0,0
16648539,custom,custom_imbalance_f10_mb10_n64_r1,0,0,1,0,0,0,0,0,1,1,1,1,0,1,1,1,1,1,0,0,0,0
16648541,custom,custom_imbalance_f10_mb10_n64_r2,0,0,1,0,0,0,0,0,1,1,1,1,0,1,1,1,1,1,0,0,0,0
16648542,custom,custom_imbalance_f10_mb10_n64_r3,0,0,1,0,0,0,0,0,1,1,1,1,0,1,1,1,1,1,0,0,0,0
16648543,custom,custom_imbalance_f10_mb50_n4_r1,0,0,1,0,0,0,0,0,1,1,1,0,0,1,1,1,1,1,0,0,0,0
16648544,custom,custom_imbalance_f10_mb50_n4_r2,0,0,1,0,0,0,0,0,1,1,1,1,0,1,1,1,1,1,0,0,0,0
16648545,custom,custom_imbalance_f10_mb50_n4_r3,0,0,1,0,0,0,0,0,1,1,1,1,0,1,1,1,1,1,0,0,0,0
16648546,custom,custom_imbalance_f10_mb50_n16_r1,0,0,1,0,0,0,0,0,1,1,1,1,0,1,1,1,1,1,0,0,0,0
16648547,custom,custom_imbalance_f10_mb50_n16_r2,0,0,1,0,0,0,0,0,1,1,1,1,0,1,1,1,1,1,0,0,0,0
16648548,custom,custom_imbalance_f10_mb50_n16_r3,0,0,1,0,0,0,0,0,1,1,1,1,0,1,1,1,1,1,0,0,0,0
16648549,custom,custom_imbalance_f10_mb50_n64_r1,0,0,1,0,0,0,0,0,1,1,1,1,0,1,1,1,1,1,0,0,0,0
16648550,custom,custom_imbalance_f10_mb50_n64_r2,0,0,1,0,0,0,0,0,1,1,1,1,0,1,1,1,1,1,0,0,0,0
16648551,custom,custom_imbalance_f10_mb50_n64_r3,0,0,1,0,0,0,0,0,1,1,1,1,0,1,1,1,1,1,0,0,0,0
16648552,custom,custom_imbalance_f20_mb10_n4_r1,0,0,1,0,0,0,0,0,1,1,1,1,0,1,1,1,1,1,0,0,0,0
16648553,custom,custom_imbalance_f20_mb10_n4_r2,0,0,1,0,0,0,0,0,1,1,1,1,0,1,1,1,1,1,0,0,0,0
16648554,custom,custom_imbalance_f20_mb10_n4_r3,0,0,1,0,0,0,0,0,1,1,1,1,0,1,1,1,1,1,0,0,0,0
16648555,custom,custom_imbalance_f20_mb10_n16_r1,0,0,1,0,0,0,0,0,1,1,1,1,0,1,1,1,1,1,0,0,0,0
16648556,custom,custom_imbalance_f20_mb10_n16_r2,0,0,1,0,0,0,0,0,1,1,1,1,0,1,1,1,1,1,0,0,0,0
16648557,custom,custom_imbalance_f20_mb10_n16_r3,0,0,1,0,0,0,0,0,1,1,1,1,0,1,1,1,1,1,0,0,0,0
16648558,custom,custom_imbalance_f20_mb10_n64_r1,0,0,1,0,0,0,0,0,1,1,1,1,0,1,1,1,1,1,0,0,0,0
16648559,custom,custom_imbalance_f20_mb10_n64_r2,0,0,1,0,0,0,0,0,1,1,1,1,0,1,1,1,1,1,0,0,0,0
16648560,custom,custom_imbalance_f20_mb10_n64_r3,0,0,1,0,0,0,0,0,1,1,1,1,0,1,1,1,1,1,0,0,0,0
16648561,custom,custom_imbalance_f20_mb50_n4_r1,0,0,1,0,0,0,0,0,1,1,1,0,0,1,1,1,1,1,0,0,0,0
16648562,custom,custom_imbalance_f20_mb50_n4_r2,0,0,1,0,0,0,0,0,1,1,1,1,0,1,1,1,1,1,0,0,0,0
16648563,custom,custom_imbalance_f20_mb50_n4_r3,0,0,1,0,0,0,0,0,1,1,1,1,0,1,1,1,1,1,0,0,0,0
16648564,custom,custom_imbalance_f20_mb50_n16_r1,0,0,1,0,0,0,0,0,1,1,1,1,0,1,1,1,1,1,0,0,0,0
16648565,custom,custom_imbalance_f20_mb50_n16_r2,0,0,1,0,0,0,0,0,1,1,1,1,0,1,1,1,1,1,0,0,0,0
16648566,custom,custom_imbalance_f20_mb50_n16_r3,0,0,1,0,0,0,0,0,1,1,1,1,0,1,1,1,1,1,0,0,0,0
16648567,custom,custom_imbalance_f20_mb50_n64_r1,0,0,1,0,0,0,0,0,1,1,1,1,0,1,1,1,1,1,0,0,0,0
16648568,custom,custom_imbalance_f20_mb50_n64_r2,0,0,1,0,0,0,0,0,1,1,1,1,0,1,1,1,1,1,0,0,0,0
16648569,custom,custom_imbalance_f20_mb50_n64_r3,0,0,1,0,0,0,0,0,1,1,1,1,0,1,1,1,1,1,0,0,0,0
16648570,custom,custom_balanced_mb50_n4_r1,0,0,0,0,0,0,0,1,1,1,1,1,0,1,1,1,1,1,0,0,0,0
16648571,custom,custom_balanced_mb50_n4_r2,0,0,0,0,0,0,0,1,1,1,1,1,0,0,0,1,1,1,0,0,0,0
16648572,custom,custom_balanced_mb50_n4_r3,0,0,0,0,0,0,0,1,1,1,1,1,0,1,1,1,1,1,0,0,0,0
16648573,custom,custom_balanced_mb50_n16_r1,0,0,0,0,0,0,0,1,1,1,1,1,0,0,0,1,1,1,0,0,0,0
16648574,custom,custom_balanced_mb50_n16_r2,0,0,0,0,0,0,0,1,1,1,1,1,0,1,1,1,1,1,0,0,0,0
16648575,custom,custom_balanced_mb50_n16_r3,0,0,0,0,0,0,0,1,1,1,1,1,0,1,1,1,1,1,0,0,0,0
16648576,custom,custom_balanced_mb50_n64_r1,0,0,0,0,0,0,0,1,1,1,1,1,0,1,1,1,1,1,0,0,0,0
16648577,custom,custom_balanced_mb50_n64_r2,0,0,0,0,0,0,0,1,1,1,1,1,0,1,1,1,1,1,0,0,0,0
16648578,custom,custom_balanced_mb50_n64_r3,0,0,0,0,0,0,0,1,1,1,1,1,0,1,1,1,1,1,0,0,0,0
16648579,custom,custom_balanced_mb100_n4_r1,0,0,0,0,0,0,0,1,1,1,1,1,0,1,1,1,1,1,0,0,0,0
16648580,custom,custom_balanced_mb100_n4_r2,0,0,0,0,0,0,0,1,1,1,1,0,0,1,1,1,1,1,0,0,0,0
16648581,custom,custom_balanced_mb100_n4_r3,0,0,0,0,0,0,0,1,1,1,1,0,0,0,0,1,1,1,0,0,0,0
16648582,custom,custom_balanced_mb100_n16_r1,0,0,0,0,0,0,0,1,1,1,1,1,0,0,0,1,1,1,0,0,0,0
16648583,custom,custom_balanced_mb100_n16_r2,0,0,0,0,0,0,0,1,1,1,1,1,1,1,1,1,1,1,0,0,0,0
16648584,custom,custom_balanced_mb100_n16_r3,0,0,0,0,0,0,0,1,1,1,1,1,0,1,1,1,1,1,0,0,0,0
16648585,custom,custom_balanced_mb100_n64_r1,0,0,0,0,0,0,0,1,1,1,1,1,0,1,1,1,1,1,0,0,0,0
16648586,custom,custom_balanced_mb100_n64_r2,0,0,0,0,0,0,0,1,1,1,1,1,0,1,1,1,1,1,0,0,0,0
16648587,custom,custom_balanced_mb100_n64_r3,0,0,0,0,0,0,0,1,1,1,1,1,0,1,1,1,1,1,0,0,0,0
16805291,h5bench,h5b_indep_small_n16_r1,0,0,0,0,1,0,0,0,0,1,1,1,1,0,1,0,1,1,0,0,0,0
16805292,h5bench,h5b_indep_small_n16_r2,0,0,0,0,1,0,0,0,1,1,1,1,0,1,1,1,1,1,0,0,0,0
16805293,h5bench,h5b_indep_small_n16_r3,0,0,0,0,1,0,0,0,1,1,1,1,0,1,1,1,1,1,0,0,0,0
16805294,h5bench,h5b_indep_small_n32_r1,0,0,0,0,1,0,0,0,1,1,1,1,0,1,1,1,1,1,0,0,0,0
16805295,h5bench,h5b_indep_small_n32_r2,0,0,0,0,1,0,0,0,1,1,1,1,0,1,1,1,1,1,0,0,0,0
16805296,h5bench,h5b_indep_small_n32_r3,0,0,0,0,1,0,0,0,1,1,1,1,1,0,1,1,1,1,0,0,0,0
16805297,h5bench,h5b_indep_small_n64_r1,0,0,0,0,1,0,0,0,1,1,1,1,0,1,1,1,1,1,0,0,0,0
16805298,h5bench,h5b_indep_small_n64_r2,0,0,0,0,1,0,0,0,1,1,1,1,1,0,1,1,1,1,0,0,0,0
16805299,h5bench,h5b_indep_small_n64_r3,0,0,0,0,1,0,0,0,1,1,1,1,0,1,1,1,1,1,0,0,0,0
16805309,h5bench,h5b_collective_small_n16_r1,1,0,0,0,0,0,0,0,0,1,1,1,1,0,1,0,1,1,0,0,0,0
16805310,h5bench,h5b_collective_small_n16_r2,1,0,0,0,0,0,0,0,1,1,1,1,1,0,1,1,1,1,0,0,0,0
16805311,h5bench,h5b_collective_small_n16_r3,1,0,0,0,0,0,0,0,0,1,1,1,1,0,1,0,1,1,0,0,0,0
16805312,h5bench,h5b_collective_small_n32_r1,1,0,0,0,0,0,0,0,1,1,1,1,1,0,1,1,1,1,0,0,0,0
16805313,h5bench,h5b_collective_small_n32_r2,1,0,0,0,0,0,0,0,1,1,1,1,1,0,1,1,1,1,0,0,0,0
16805314,h5bench,h5b_collective_small_n32_r3,1,0,0,0,0,0,0,0,1,1,1,1,1,0,1,1,1,1,0,0,0,0
16805315,h5bench,h5b_collective_small_n64_r1,1,0,0,0,0,0,0,0,1,1,1,1,1,0,1,1,1,1,0,0,0,0
16805316,h5bench,h5b_collective_small_n64_r2,1,0,0,0,0,0,0,0,1,1,1,1,0,0,0,1,1,1,0,0,0,0
16805317,h5bench,h5b_collective_small_n64_r3,1,0,0,0,0,0,0,0,1,1,1,1,0,1,1,1,1,1,0,0,0,0
16805318,h5bench,h5b_collective_large_healthy_n16_r1,0,0,0,0,0,0,0,1,1,1,1,1,1,0,1,1,1,1,0,0,0,0
16805319,h5bench,h5b_collective_large_healthy_n16_r2,0,0,0,0,0,0,0,1,1,1,1,1,1,0,1,1,1,1,0,0,0,0
16805320,h5bench,h5b_collective_large_healthy_n16_r3,0,0,0,0,0,0,0,1,0,1,0,1,0,1,1,0,1,0,0,0,0,0
16805321,h5bench,h5b_collective_large_healthy_n32_r1,0,0,0,0,0,0,0,1,1,1,1,1,0,1,1,1,1,1,0,0,0,0
16805322,h5bench,h5b_collective_large_healthy_n32_r2,0,0,0,0,0,0,0,1,1,1,1,1,1,0,1,1,1,1,0,0,0,0
16805323,h5bench,h5b_collective_large_healthy_n32_r3,0,0,0,0,0,0,0,1,1,1,1,1,1,0,1,1,1,1,0,0,0,0
16805324,h5bench,h5b_collective_large_healthy_n64_r1,0,0,0,0,0,0,0,1,1,1,1,1,1,0,1,1,1,1,0,0,0,0
16805325,h5bench,h5b_collective_large_healthy_n64_r2,0,0,0,0,0,0,0,1,0,1,0,1,0,1,1,0,1,0,0,0,0,0
16805326,h5bench,h5b_collective_large_healthy_n64_r3,0,0,0,0,0,0,0,1,0,1,0,1,0,1,1,0,1,0,0,0,0,0
16805327,h5bench,h5b_collective_large_healthy_n128_r1,0,0,0,0,0,0,0,1,1,1,1,1,0,1,1,1,1,1,0,0,0,0
16805328,h5bench,h5b_collective_large_healthy_n128_r2,0,0,0,0,0,0,0,1,1,1,1,1,1,0,1,1,1,1,0,0,0,0
16805338,h5bench,h5b_collective_large_healthy_n128_r3,0,0,0,0,0,0,0,1,1,1,1,1,0,1,1,1,1,1,0,0,0,0
16805339,h5bench,h5b_indep_large_healthy_n4_r1,0,0,0,0,0,0,0,1,0,1,0,1,0,0,0,0,1,0,0,0,0,0
16805340,h5bench,h5b_indep_large_healthy_n4_r2,0,0,0,0,0,0,0,1,0,1,1,1,1,0,1,0,1,1,0,0,0,0
16805341,h5bench,h5b_indep_large_healthy_n4_r3,0,0,0,0,0,0,0,1,0,1,0,1,0,0,0,0,1,0,0,0,0,0
16805342,h5bench,h5b_indep_large_healthy_n8_r1,0,0,0,0,0,0,0,1,0,1,1,1,1,0,1,0,1,1,0,0,0,0
16805343,h5bench,h5b_indep_large_healthy_n8_r2,0,0,0,0,0,0,0,1,0,1,0,1,0,0,0,0,1,0,0,0,0,0
16805344,h5bench,h5b_indep_large_healthy_n8_r3,0,0,0,0,0,0,0,1,0,1,0,1,0,0,0,0,1,0,0,0,0,0
16805345,h5bench,h5b_indep_large_healthy_n16_r1,0,0,0,0,0,0,0,1,0,1,0,1,0,0,0,0,1,0,0,0,0,0
16805346,h5bench,h5b_indep_large_healthy_n16_r2,0,0,0,0,0,0,0,1,0,1,0,1,0,0,0,0,1,0,0,0,0,0
16805347,h5bench,h5b_indep_large_healthy_n16_r3,0,0,0,0,0,0,0,1,0,1,0,1,0,0,0,0,1,0,0,0,0,0
16805366,h5bench,h5b_indep_small_single_ost_n32_r1,1,0,0,0,1,0,1,0,1,1,1,1,0,1,1,1,1,1,0,0,0,0
16805367,h5bench,h5b_indep_small_single_ost_n32_r2,1,0,0,0,1,0,1,0,1,1,1,1,0,1,1,1,1,1,0,0,0,0
16805368,h5bench,h5b_indep_small_single_ost_n32_r3,1,0,0,0,1,0,1,0,1,1,1,1,0,1,1,1,1,1,0,0,0,0
16805369,h5bench,h5b_indep_small_single_ost_n64_r1,1,0,0,0,1,0,1,0,1,1,1,1,0,1,1,1,1,1,0,0,0,0
16805370,h5bench,h5b_indep_small_single_ost_n64_r2,1,0,0,0,1,0,1,0,1,1,1,1,1,0,1,1,1,1,0,0,0,0
16805376,h5bench,h5b_indep_small_single_ost_n64_r3,1,0,0,0,1,0,1,0,1,1,1,1,0,1,1,1,1,1,0,0,0,0
16805377,h5bench,h5b_indep_small_single_ost_n128_r1,1,0,0,0,1,0,1,0,1,1,1,1,1,0,1,1,1,1,0,0,0,0
16805378,h5bench,h5b_indep_small_single_ost_n128_r2,1,0,0,0,1,0,1,0,1,1,1,1,0,1,1,1,1,1,0,0,0,0
16805379,h5bench,h5b_indep_small_single_ost_n128_r3,1,0,0,0,1,0,1,0,1,1,1,1,0,1,1,1,1,1,0,0,0,0
16805291,h5bench,h5b_indep_small_n16_r1,0,0,0,0,1,0,0,0,0,1,1,1,1,0,1,0,1,1,0,0,0,0
16805292,h5bench,h5b_indep_small_n16_r2,0,0,0,0,1,0,0,0,1,1,1,1,0,1,1,1,1,1,0,0,0,0
16805293,h5bench,h5b_indep_small_n16_r3,0,0,0,0,1,0,0,0,1,1,1,1,0,1,1,1,1,1,0,0,0,0
16805294,h5bench,h5b_indep_small_n32_r1,0,0,0,0,1,0,0,0,1,1,1,1,0,1,1,1,1,1,0,0,0,0
16805295,h5bench,h5b_indep_small_n32_r2,0,0,0,0,1,0,0,0,1,1,1,1,0,1,1,1,1,1,0,0,0,0
16805296,h5bench,h5b_indep_small_n32_r3,0,0,0,0,1,0,0,0,1,1,1,1,1,0,1,1,1,1,0,0,0,0
16805297,h5bench,h5b_indep_small_n64_r1,0,0,0,0,1,0,0,0,1,1,1,1,0,1,1,1,1,1,0,0,0,0
16805298,h5bench,h5b_indep_small_n64_r2,0,0,0,0,1,0,0,0,1,1,1,1,1,0,1,1,1,1,0,0,0,0
16805299,h5bench,h5b_indep_small_n64_r3,0,0,0,0,1,0,0,0,1,1,1,1,0,1,1,1,1,1,0,0,0,0
16805300,h5bench,h5b_interleaved_access_n16_r1,0,0,0,0,0,0,0,1,0,1,1,1,0,0,0,0,1,1,0,0,0,0
16805301,h5bench,h5b_interleaved_access_n16_r2,0,0,0,0,0,0,0,1,0,1,1,1,0,0,0,0,1,1,0,0,0,0
16805302,h5bench,h5b_interleaved_access_n16_r3,0,0,0,0,0,0,0,1,0,1,1,1,0,0,0,0,1,1,0,0,0,0
16805303,h5bench,h5b_interleaved_access_n32_r1,0,0,0,0,0,0,0,1,0,1,1,1,0,0,0,0,1,1,0,0,0,0
16805304,h5bench,h5b_interleaved_access_n32_r2,0,0,0,0,0,0,0,1,0,1,1,1,0,0,0,0,1,1,0,0,0,0
16805305,h5bench,h5b_interleaved_access_n32_r3,0,0,0,0,0,0,0,1,0,1,1,1,0,0,0,0,1,1,0,0,0,0
16805306,h5bench,h5b_interleaved_access_n64_r1,0,0,0,0,0,0,0,1,0,1,1,1,0,0,0,0,1,1,0,0,0,0
16805307,h5bench,h5b_interleaved_access_n64_r2,0,0,0,0,0,0,0,1,0,1,1,1,0,0,0,0,1,1,0,0,0,0
16805308,h5bench,h5b_interleaved_access_n64_r3,0,0,0,0,0,0,0,1,0,1,1,1,0,0,0,0,1,1,0,0,0,0
16805309,h5bench,h5b_collective_small_n16_r1,1,0,0,0,0,0,0,0,0,1,1,1,1,0,1,0,1,1,0,0,0,0
16805310,h5bench,h5b_collective_small_n16_r2,1,0,0,0,0,0,0,0,1,1,1,1,1,0,1,1,1,1,0,0,0,0
16805311,h5bench,h5b_collective_small_n16_r3,1,0,0,0,0,0,0,0,0,1,1,1,1,0,1,0,1,1,0,0,0,0
16805312,h5bench,h5b_collective_small_n32_r1,1,0,0,0,0,0,0,0,1,1,1,1,1,0,1,1,1,1,0,0,0,0
16805313,h5bench,h5b_collective_small_n32_r2,1,0,0,0,0,0,0,0,1,1,1,1,1,0,1,1,1,1,0,0,0,0
16805314,h5bench,h5b_collective_small_n32_r3,1,0,0,0,0,0,0,0,1,1,1,1,1,0,1,1,1,1,0,0,0,0
16805315,h5bench,h5b_collective_small_n64_r1,1,0,0,0,0,0,0,0,1,1,1,1,1,0,1,1,1,1,0,0,0,0
16805316,h5bench,h5b_collective_small_n64_r2,1,0,0,0,0,0,0,0,1,1,1,1,0,0,0,1,1,1,0,0,0,0
16805317,h5bench,h5b_collective_small_n64_r3,1,0,0,0,0,0,0,0,1,1,1,1,0,1,1,1,1,1,0,0,0,0
16805318,h5bench,h5b_collective_large_healthy_n16_r1,0,0,0,0,0,0,0,1,1,1,1,1,1,0,1,1,1,1,0,0,0,0
16805319,h5bench,h5b_collective_large_healthy_n16_r2,0,0,0,0,0,0,0,1,1,1,1,1,1,0,1,1,1,1,0,0,0,0
16805320,h5bench,h5b_collective_large_healthy_n16_r3,0,0,0,0,0,0,0,1,0,1,0,1,0,1,1,0,1,0,0,0,0,0
16805321,h5bench,h5b_collective_large_healthy_n32_r1,0,0,0,0,0,0,0,1,1,1,1,1,0,1,1,1,1,1,0,0,0,0
16805322,h5bench,h5b_collective_large_healthy_n32_r2,0,0,0,0,0,0,0,1,1,1,1,1,1,0,1,1,1,1,0,0,0,0
16805323,h5bench,h5b_collective_large_healthy_n32_r3,0,0,0,0,0,0,0,1,1,1,1,1,1,0,1,1,1,1,0,0,0,0
16805324,h5bench,h5b_collective_large_healthy_n64_r1,0,0,0,0,0,0,0,1,1,1,1,1,1,0,1,1,1,1,0,0,0,0
16805325,h5bench,h5b_collective_large_healthy_n64_r2,0,0,0,0,0,0,0,1,0,1,0,1,0,1,1,0,1,0,0,0,0,0
16805326,h5bench,h5b_collective_large_healthy_n64_r3,0,0,0,0,0,0,0,1,0,1,0,1,0,1,1,0,1,0,0,0,0,0
16805327,h5bench,h5b_collective_large_healthy_n128_r1,0,0,0,0,0,0,0,1,1,1,1,1,0,1,1,1,1,1,0,0,0,0
16805328,h5bench,h5b_collective_large_healthy_n128_r2,0,0,0,0,0,0,0,1,1,1,1,1,1,0,1,1,1,1,0,0,0,0
16805338,h5bench,h5b_collective_large_healthy_n128_r3,0,0,0,0,0,0,0,1,1,1,1,1,0,1,1,1,1,1,0,0,0,0
16805339,h5bench,h5b_indep_large_healthy_n4_r1,0,0,0,0,0,0,0,1,0,1,0,1,0,0,0,0,1,0,0,0,0,0
16805340,h5bench,h5b_indep_large_healthy_n4_r2,0,0,0,0,0,0,0,1,0,1,1,1,1,0,1,0,1,1,0,0,0,0
16805341,h5bench,h5b_indep_large_healthy_n4_r3,0,0,0,0,0,0,0,1,0,1,0,1,0,0,0,0,1,0,0,0,0,0
16805342,h5bench,h5b_indep_large_healthy_n8_r1,0,0,0,0,0,0,0,1,0,1,1,1,1,0,1,0,1,1,0,0,0,0
16805343,h5bench,h5b_indep_large_healthy_n8_r2,0,0,0,0,0,0,0,1,0,1,0,1,0,0,0,0,1,0,0,0,0,0
16805344,h5bench,h5b_indep_large_healthy_n8_r3,0,0,0,0,0,0,0,1,0,1,0,1,0,0,0,0,1,0,0,0,0,0
16805345,h5bench,h5b_indep_large_healthy_n16_r1,0,0,0,0,0,0,0,1,0,1,0,1,0,0,0,0,1,0,0,0,0,0
16805346,h5bench,h5b_indep_large_healthy_n16_r2,0,0,0,0,0,0,0,1,0,1,0,1,0,0,0,0,1,0,0,0,0,0
16805347,h5bench,h5b_indep_large_healthy_n16_r3,0,0,0,0,0,0,0,1,0,1,0,1,0,0,0,0,1,0,0,0,0,0
16805348,h5bench,h5b_indep_small_interleaved_n16_r1,1,0,0,0,1,0,0,0,0,1,1,1,1,0,1,0,1,1,0,0,0,0
16805349,h5bench,h5b_indep_small_interleaved_n16_r2,1,0,0,0,1,0,0,0,0,1,0,1,0,1,1,0,1,0,0,0,0,0
16805350,h5bench,h5b_indep_small_interleaved_n16_r3,1,0,0,0,1,0,0,0,0,1,0,1,0,1,1,0,1,0,0,0,0,0
16805351,h5bench,h5b_indep_small_interleaved_n32_r1,1,0,0,0,1,0,0,0,1,1,1,1,0,1,1,1,1,1,0,0,0,0
16805352,h5bench,h5b_indep_small_interleaved_n32_r2,1,0,0,0,1,0,0,0,1,1,1,1,0,0,0,1,1,1,0,0,0,0
16805353,h5bench,h5b_indep_small_interleaved_n32_r3,1,0,0,0,1,0,0,0,1,1,1,1,0,1,1,1,1,1,0,0,0,0
16805354,h5bench,h5b_indep_small_interleaved_n64_r1,1,0,0,0,1,0,0,0,0,1,1,1,1,0,1,0,1,1,0,0,0,0
16805355,h5bench,h5b_indep_small_interleaved_n64_r2,1,0,0,0,1,0,0,0,0,1,0,1,0,1,1,0,1,0,0,0,0,0
16805356,h5bench,h5b_indep_small_interleaved_n64_r3,1,0,0,0,1,0,0,0,0,1,0,1,0,1,1,0,1,0,0,0,0,0
16805357,h5bench,h5b_indep_interleaved_n16_r1,0,0,0,0,1,0,0,0,0,1,1,1,0,0,0,0,1,1,0,0,0,0
16805358,h5bench,h5b_indep_interleaved_n16_r2,0,0,0,0,1,0,0,0,0,1,1,1,0,0,0,0,1,1,0,0,0,0
16805359,h5bench,h5b_indep_interleaved_n16_r3,0,0,0,0,1,0,0,0,0,1,1,1,0,0,0,0,1,1,0,0,0,0
16805360,h5bench,h5b_indep_interleaved_n32_r1,0,0,0,0,1,0,0,0,0,1,1,1,0,0,0,0,1,1,0,0,0,0
16805361,h5bench,h5b_indep_interleaved_n32_r2,0,0,0,0,1,0,0,0,0,1,1,1,0,0,0,0,1,1,0,0,0,0
16805362,h5bench,h5b_indep_interleaved_n32_r3,0,0,0,0,1,0,0,0,0,1,1,1,0,0,0,0,1,1,0,0,0,0
16805363,h5bench,h5b_indep_interleaved_n64_r1,0,0,0,0,1,0,0,0,0,1,1,1,0,0,0,0,1,1,0,0,0,0
16805364,h5bench,h5b_indep_interleaved_n64_r2,0,0,0,0,1,0,0,0,0,1,1,1,0,0,0,0,1,1,0,0,0,0
16805365,h5bench,h5b_indep_interleaved_n64_r3,0,0,0,0,1,0,0,0,0,1,1,1,0,0,0,0,1,1,0,0,0,0
16805366,h5bench,h5b_indep_small_single_ost_n32_r1,1,0,0,0,1,0,1,0,1,1,1,1,0,1,1,1,1,1,0,0,0,0
16805367,h5bench,h5b_indep_small_single_ost_n32_r2,1,0,0,0,1,0,1,0,1,1,1,1,0,1,1,1,1,1,0,0,0,0
16805368,h5bench,h5b_indep_small_single_ost_n32_r3,1,0,0,0,1,0,1,0,1,1,1,1,0,1,1,1,1,1,0,0,0,0
16805369,h5bench,h5b_indep_small_single_ost_n64_r1,1,0,0,0,1,0,1,0,1,1,1,1,0,1,1,1,1,1,0,0,0,0
16805370,h5bench,h5b_indep_small_single_ost_n64_r2,1,0,0,0,1,0,1,0,1,1,1,1,1,0,1,1,1,1,0,0,0,0
16805376,h5bench,h5b_indep_small_single_ost_n64_r3,1,0,0,0,1,0,1,0,1,1,1,1,0,1,1,1,1,1,0,0,0,0
16805377,h5bench,h5b_indep_small_single_ost_n128_r1,1,0,0,0,1,0,1,0,1,1,1,1,1,0,1,1,1,1,0,0,0,0
16805378,h5bench,h5b_indep_small_single_ost_n128_r2,1,0,0,0,1,0,1,0,1,1,1,1,0,1,1,1,1,1,0,0,0,0
16805379,h5bench,h5b_indep_small_single_ost_n128_r3,1,0,0,0,1,0,1,0,1,1,1,1,0,1,1,1,1,1,0,0,0,0
16788714,hacc_io,hacc_fpp_many_ranks_p100000_n32_r1,0,0,0,0,0,1,0,0,0,0,1,0,0,1,1,0,0,1,0,0,0,0
16788715,hacc_io,hacc_fpp_many_ranks_p100000_n32_r2,0,0,0,0,0,1,0,0,0,0,1,0,0,1,1,0,0,1,0,0,0,0
16788716,hacc_io,hacc_fpp_many_ranks_p100000_n32_r3,0,0,0,0,0,1,0,0,0,0,1,0,0,1,1,0,0,1,0,0,0,0
16788717,hacc_io,hacc_fpp_many_ranks_p100000_n64_r1,0,0,0,0,0,1,0,0,0,0,1,0,0,1,1,0,0,1,0,0,0,0
16788718,hacc_io,hacc_fpp_many_ranks_p100000_n64_r2,0,0,0,0,0,1,0,0,0,0,1,0,0,1,1,0,0,1,0,0,0,0
16788719,hacc_io,hacc_fpp_many_ranks_p100000_n64_r3,0,0,0,0,0,1,0,0,0,0,1,0,0,1,1,0,0,1,0,0,0,0
16788720,hacc_io,hacc_fpp_many_ranks_p100000_n128_r1,0,0,0,0,0,1,0,0,1,0,1,0,0,1,1,1,0,1,0,0,0,0
16788721,hacc_io,hacc_fpp_many_ranks_p100000_n128_r2,0,0,0,0,0,1,0,0,0,0,1,0,0,1,1,0,0,1,0,0,0,0
16788722,hacc_io,hacc_fpp_many_ranks_p100000_n128_r3,0,0,0,0,0,1,0,0,0,0,1,0,0,1,1,0,0,1,0,0,0,0
16788744,hacc_io,hacc_fpp_healthy_p2000000_n4_r1,0,0,0,0,0,0,0,1,0,0,1,0,0,0,0,0,0,1,0,0,0,0
16788745,hacc_io,hacc_fpp_healthy_p2000000_n4_r2,0,0,0,0,0,0,0,1,0,0,1,0,0,0,0,0,0,1,0,0,0,0
16788746,hacc_io,hacc_fpp_healthy_p2000000_n4_r3,0,0,0,0,0,0,0,1,0,0,1,0,0,0,0,0,0,1,0,0,0,0
16788747,hacc_io,hacc_fpp_healthy_p2000000_n8_r1,0,0,0,0,0,0,0,1,0,0,1,0,0,0,0,0,0,1,0,0,0,0
16788748,hacc_io,hacc_fpp_healthy_p2000000_n8_r2,0,0,0,0,0,0,0,1,0,0,1,0,0,0,0,0,0,1,0,0,0,0
16788749,hacc_io,hacc_fpp_healthy_p2000000_n8_r3,0,0,0,0,0,0,0,1,0,0,1,0,0,0,0,0,0,1,0,0,0,0
16788750,hacc_io,hacc_fpp_healthy_p2000000_n16_r1,0,0,0,0,0,0,0,1,0,0,1,0,0,0,0,0,0,1,0,0,0,0
16788751,hacc_io,hacc_fpp_healthy_p2000000_n16_r2,0,0,0,0,0,0,0,1,0,0,1,0,0,0,0,0,0,1,0,0,0,0
16788752,hacc_io,hacc_fpp_healthy_p2000000_n16_r3,0,0,0,0,0,0,0,1,0,0,1,0,0,0,0,0,0,1,0,0,0,0
16788771,hacc_io,hacc_fpp_small_many_p50_n32_r1,1,0,0,0,0,1,0,0,0,0,1,0,0,1,1,0,0,1,0,0,0,0
16788772,hacc_io,hacc_fpp_small_many_p50_n32_r2,1,0,0,0,0,1,0,0,0,0,1,0,0,1,1,0,0,1,0,0,0,0
16788773,hacc_io,hacc_fpp_small_many_p50_n32_r3,1,0,0,0,0,1,0,0,0,0,1,0,0,1,1,0,0,1,0,0,0,0
16788774,hacc_io,hacc_fpp_small_many_p50_n64_r1,1,0,0,0,0,1,0,0,0,0,1,0,0,1,1,0,0,1,0,0,0,0
16788775,hacc_io,hacc_fpp_small_many_p50_n64_r2,1,0,0,0,0,1,0,0,0,0,1,0,0,1,1,0,0,1,0,0,0,0
16788776,hacc_io,hacc_fpp_small_many_p50_n64_r3,1,0,0,0,0,1,0,0,0,0,1,0,0,1,1,0,0,1,0,0,0,0
16788777,hacc_io,hacc_fpp_small_many_p50_n128_r1,1,0,0,0,0,1,0,0,0,0,1,0,1,1,1,0,0,1,0,0,0,0
16788778,hacc_io,hacc_fpp_small_many_p50_n128_r2,1,0,0,0,0,1,0,0,0,0,1,0,0,1,1,0,0,1,0,0,0,0
16788779,hacc_io,hacc_fpp_small_many_p50_n128_r3,1,0,0,0,0,1,0,0,0,0,1,0,0,1,1,0,0,1,0,0,0,0
16788732,hacc_io,hacc_mpiio_collective_healthy_p1000000_n16_r1,0,0,0,0,0,0,0,1,0,0,0,0,0,0,0,0,0,0,0,0,0,1
16788733,hacc_io,hacc_mpiio_collective_healthy_p1000000_n16_r2,0,0,0,0,0,0,0,1,0,0,0,0,0,0,0,0,0,0,0,0,0,1
16788734,hacc_io,hacc_mpiio_collective_healthy_p1000000_n16_r3,0,0,0,0,0,0,0,1,0,0,0,0,0,0,0,0,0,0,0,0,0,1
16788735,hacc_io,hacc_mpiio_collective_healthy_p1000000_n32_r1,0,0,0,0,0,0,0,1,0,0,0,0,0,0,0,0,0,0,0,0,0,1
16788736,hacc_io,hacc_mpiio_collective_healthy_p1000000_n32_r2,0,0,0,0,0,0,0,1,0,0,0,0,0,0,0,0,0,0,0,0,0,1
16788737,hacc_io,hacc_mpiio_collective_healthy_p1000000_n32_r3,0,0,0,0,0,0,0,1,0,0,0,0,0,0,0,0,0,0,0,0,0,1
16788738,hacc_io,hacc_mpiio_collective_healthy_p1000000_n64_r1,0,0,0,0,0,0,0,1,0,0,0,0,0,0,0,0,0,0,0,0,0,1
16788739,hacc_io,hacc_mpiio_collective_healthy_p1000000_n64_r2,0,0,0,0,0,0,0,1,0,0,0,0,0,0,0,0,0,0,0,0,0,1
16788740,hacc_io,hacc_mpiio_collective_healthy_p1000000_n64_r3,0,0,0,0,0,0,0,1,0,0,0,0,0,0,0,0,0,0,0,0,0,1
16788741,hacc_io,hacc_mpiio_collective_healthy_p1000000_n128_r1,0,0,0,0,0,0,0,1,0,0,0,0,0,0,0,0,0,0,0,0,0,1
16788742,hacc_io,hacc_mpiio_collective_healthy_p1000000_n128_r2,0,0,0,0,0,0,0,1,0,0,0,0,0,0,0,0,0,0,0,0,0,1
16788743,hacc_io,hacc_mpiio_collective_healthy_p1000000_n128_r3,0,0,0,0,0,0,0,1,0,0,0,0,0,0,0,0,0,0,0,0,0,1
16788705,hacc_io,hacc_posix_shared_large_p1000000_n16_r1,0,0,0,0,1,0,0,0,0,0,1,0,0,1,1,0,0,1,0,0,0,0
16788706,hacc_io,hacc_posix_shared_large_p1000000_n16_r2,0,0,0,0,1,0,0,0,0,0,1,0,0,1,1,0,0,1,0,0,0,0
16788707,hacc_io,hacc_posix_shared_large_p1000000_n16_r3,0,0,0,0,1,0,0,0,0,0,1,0,0,1,1,0,0,1,0,0,0,0
16788708,hacc_io,hacc_posix_shared_large_p1000000_n32_r1,0,0,0,0,1,0,0,0,0,0,1,0,0,1,1,0,0,1,0,0,0,0
16788709,hacc_io,hacc_posix_shared_large_p1000000_n32_r2,0,0,0,0,1,0,0,0,0,0,1,0,0,1,1,0,0,1,0,0,0,0
16788710,hacc_io,hacc_posix_shared_large_p1000000_n32_r3,0,0,0,0,1,0,0,0,0,0,1,0,0,1,1,0,0,1,0,0,0,0
16788711,hacc_io,hacc_posix_shared_large_p1000000_n64_r1,0,0,0,0,1,0,0,0,0,0,1,0,0,1,1,0,0,1,0,0,0,0
16788712,hacc_io,hacc_posix_shared_large_p1000000_n64_r2,0,0,0,0,1,0,0,0,0,0,1,0,0,1,1,0,0,1,0,0,0,0
16788713,hacc_io,hacc_posix_shared_large_p1000000_n64_r3,0,0,0,0,1,0,0,0,0,0,1,0,0,1,1,0,0,1,0,0,0,0
16788723,hacc_io,hacc_posix_shared_single_ost_p500000_n32_r1,0,0,0,0,0,0,1,0,0,0,1,0,0,1,1,0,0,1,0,0,0,0
16788724,hacc_io,hacc_posix_shared_single_ost_p500000_n32_r2,0,0,0,0,0,0,1,0,0,0,1,0,0,1,1,0,0,1,0,0,0,0
16788725,hacc_io,hacc_posix_shared_single_ost_p500000_n32_r3,0,0,0,0,0,0,1,0,0,0,1,0,0,1,1,0,0,1,0,0,0,0
16788726,hacc_io,hacc_posix_shared_single_ost_p500000_n64_r1,0,0,0,0,0,0,1,0,0,0,1,0,0,1,1,0,0,1,0,0,0,0
16788727,hacc_io,hacc_posix_shared_single_ost_p500000_n64_r2,0,0,0,0,0,0,1,0,0,0,1,0,0,1,1,0,0,1,0,0,0,0
16788728,hacc_io,hacc_posix_shared_single_ost_p500000_n64_r3,0,0,0,0,0,0,1,0,0,0,1,0,0,1,1,0,0,1,0,0,0,0
16788729,hacc_io,hacc_posix_shared_single_ost_p500000_n128_r1,0,0,0,0,0,0,1,0,0,0,1,0,0,1,1,0,0,1,0,0,0,0
16788730,hacc_io,hacc_posix_shared_single_ost_p500000_n128_r2,0,0,0,0,0,0,1,0,0,0,1,0,0,1,1,0,0,1,0,0,0,0
16788731,hacc_io,hacc_posix_shared_single_ost_p500000_n128_r3,0,0,0,0,0,0,1,0,0,0,1,0,0,1,1,0,0,1,0,0,0,0
16788753,hacc_io,hacc_posix_shared_small_p100_n16_r1,1,0,0,0,1,0,0,0,0,0,1,0,0,1,1,0,0,1,0,0,0,0
16788754,hacc_io,hacc_posix_shared_small_p100_n16_r2,1,0,0,0,1,0,0,0,0,0,1,0,0,1,1,0,0,1,0,0,0,0
16788755,hacc_io,hacc_posix_shared_small_p100_n16_r3,1,0,0,0,1,0,0,0,0,0,1,0,0,1,1,0,0,1,0,0,0,0
16788756,hacc_io,hacc_posix_shared_small_p100_n32_r1,1,0,0,0,1,0,0,0,0,0,1,0,0,0,0,0,0,1,0,0,0,0
16788757,hacc_io,hacc_posix_shared_small_p100_n32_r2,1,0,0,0,1,0,0,0,1,0,1,0,0,0,0,1,0,1,0,0,0,0
16788758,hacc_io,hacc_posix_shared_small_p100_n32_r3,1,0,0,0,1,0,0,0,0,0,1,0,0,1,1,0,0,1,0,0,0,0
16788759,hacc_io,hacc_posix_shared_small_p100_n64_r1,1,0,0,0,1,0,0,0,0,0,1,0,0,0,0,0,0,1,0,0,0,0
16788760,hacc_io,hacc_posix_shared_small_p100_n64_r2,1,0,0,0,1,0,0,0,1,0,1,0,0,0,0,1,0,1,0,0,0,0
16788761,hacc_io,hacc_posix_shared_small_p100_n64_r3,1,0,0,0,1,0,0,0,0,0,1,0,0,0,0,0,0,1,0,0,0,0
16788762,hacc_io,hacc_posix_shared_small_single_ost_p200_n32_r1,1,0,0,0,1,0,1,0,0,0,1,0,0,1,1,0,0,1,0,0,0,0
16788763,hacc_io,hacc_posix_shared_small_single_ost_p200_n32_r2,1,0,0,0,1,0,1,0,0,0,1,0,0,1,1,0,0,1,0,0,0,0
16788764,hacc_io,hacc_posix_shared_small_single_ost_p200_n32_r3,1,0,0,0,1,0,1,0,0,0,1,0,0,1,1,0,0,1,0,0,0,0
16788765,hacc_io,hacc_posix_shared_small_single_ost_p200_n64_r1,1,0,0,0,1,0,1,0,1,0,1,0,0,0,0,1,0,1,0,0,0,0
16788766,hacc_io,hacc_posix_shared_small_single_ost_p200_n64_r2,1,0,0,0,1,0,1,0,1,0,1,0,0,0,0,1,0,1,0,0,0,0
16788767,hacc_io,hacc_posix_shared_small_single_ost_p200_n64_r3,1,0,0,0,1,0,1,0,0,0,1,0,0,1,1,0,0,1,0,0,0,0
16788768,hacc_io,hacc_posix_shared_small_single_ost_p200_n128_r1,1,0,0,0,1,0,1,0,0,0,1,0,0,1,1,0,0,1,0,0,0,0
16788769,hacc_io,hacc_posix_shared_small_single_ost_p200_n128_r2,1,0,0,0,1,0,1,0,0,0,1,0,0,1,1,0,0,1,0,0,0,0
16788770,hacc_io,hacc_posix_shared_small_single_ost_p200_n128_r3,1,0,0,0,1,0,1,0,0,0,1,0,0,1,1,0,0,1,0,0,0,0
16788780,hacc_io,hacc_posix_shared_many_single_ost_p500000_n32_r1,0,0,0,0,1,0,1,0,0,0,1,0,0,1,1,0,0,1,0,0,0,0
16788781,hacc_io,hacc_posix_shared_many_single_ost_p500000_n32_r2,0,0,0,0,1,0,1,0,0,0,1,0,0,1,1,0,0,1,0,0,0,0
16788782,hacc_io,hacc_posix_shared_many_single_ost_p500000_n32_r3,0,0,0,0,1,0,1,0,0,0,1,0,0,1,1,0,0,1,0,0,0,0
16788783,hacc_io,hacc_posix_shared_many_single_ost_p500000_n64_r1,0,0,0,0,1,0,1,0,0,0,1,0,0,1,1,0,0,1,0,0,0,0
16788784,hacc_io,hacc_posix_shared_many_single_ost_p500000_n64_r2,0,0,0,0,1,0,1,0,0,0,1,0,0,1,1,0,0,1,0,0,0,0
16788785,hacc_io,hacc_posix_shared_many_single_ost_p500000_n64_r3,0,0,0,0,1,0,1,0,0,0,1,0,0,1,1,0,0,1,0,0,0,0
16788786,hacc_io,hacc_posix_shared_many_single_ost_p500000_n128_r1,0,0,0,0,1,0,1,0,0,0,1,0,0,1,1,0,0,1,0,0,0,0
16788787,hacc_io,hacc_posix_shared_many_single_ost_p500000_n128_r2,0,0,0,0,1,0,1,0,0,0,1,0,0,1,1,0,0,1,0,0,0,0
16788788,hacc_io,hacc_posix_shared_many_single_ost_p500000_n128_r3,0,0,0,0,1,0,1,0,0,0,1,0,0,1,1,0,0,1,0,0,0,0
